,ชื่อสินค้า,หมวดหมู่
0,ແຈ່ວເສສວນຍົກໂປ້150g,ເຄື່ອງປຸງ
1,ແຈ່ວເສສວນຈຸ່ມປາ185g,ເຄື່ອງປຸງ
2,ເສັ້ນມັນດ້າງແດງ240g,ເຄື່ອງແຫ້ງ
3,ເຫັດເຂັມຖົງຂຽວ,ເຫັດ-ສາຫຼ່າຍ
4,ພິກໄທປົ່ນ ຈັນທະບູລີ30ກຼາມ,ເຄື່ອງປຸງ
5,ລ້ອນປຽກດອກຝ້າຍ 500ກຼາມ,ອາຫານສຳເລັດຮູບ
6,ແປ້ງໂກກິ 150ກຼາມ,ເຄື່ອງປຸງ
7,ກ້ຽວ500g,ອາຫານແຊ່ແຂງ
8,ປາກະປ໋ອງແປ 125ກ,ເຄື່ອງແຫ້ງ
9,ແຈ່ວເສສວນນ້ຳມັນກຸ້ງ 150g,ເຄື່ອງປຸງ
10,ຟອງເຕົາຫູ້ຖົງຂຽວ,ເຄື່ອງແຫ້ງ
11,M150,ເຄື່ອງດື່ມ
12,ແຈ່ວເສສວນຈີນງົວເຂັ້ມຂຸ່ມ 150g,ອາຫານສຳເລັດຮູບ
13,ເສັ້ນມັນດ້າງຈຸ່ມເສັ້ນແປ250g,ເຄື່ອງປຸງ
14,ແຈ່ວດາດໂຕໝູ (ໃຫຍ່),ນໍ້າແຈ່ວ
15,ແປ້ງນົວກາຖ້ວຍ 250g,ເຄື່ອງປຸງ
16,pfpເຕົ້າຫູ້ປາລູກເຕົາ 500g,ອາຫານແຊ່ແຂງ
17,ກາໂຕະລົດສະຕໍເບີລີ320ml,ເຄື່ອງດື່ມ
18,PFP ເຕົ້າຮູ້ຊີດ500g,ອາຫານແຊ່ແຂງ
19,ຟ້າໄທນໍ້າໃສ 350ມລ,ເຄື່ອງປຸງ
20,ກາໂຕະລົດລີ້ນຈີ່320ml,ເຄື່ອງດື່ມ
21,ຊິ້ນໝູສາມຊັ້ນ,ຊີ້ນສົດ
22,ສາມຊັ້ນໝູສະໄລ້ WRAP FREEZE 250 ກຣາມ,ຊີ້ນແພກແບຣນ
23,ກະປິຫມາກນາວ 200ກຼາມ,ອາຫານສຳເລັດຮູບ
24,ແຈ່ວຄຸນນັດ250g,ນໍ້າແຈ່ວ
25,ແຈ່ວດາດໂຕໝູ (ນ້ອຍ),ນໍ້າແຈ່ວ
26,NVນົມສະໄລ້A300ກຼາມ,ອາຫານແຊ່ແຂງ
27,ຊີ້ນສັນຄໍໝູສະໄລ້ WF(TS) 500 ກຣາມ,ຊີ້ນແພກແບຣນ
28,ປູອັດເບັນໂຕະ 250ກຮາມ,ອາຫານແຊ່ແຂງ
29,Mfoodແຈ່ວຊີຟູດ,ນໍ້າແຈ່ວ
30,ສັນນອກໝູ,ຊີ້ນສົດ
31,ປູອັດTVI500g,ອາຫານແຊ່ແຂງ
32,ຕີນໝູຕັດ,ຊີ້ນສົດ
33,ແປ້ງນົວ250ກຮາມ,ເຄື່ອງປຸງ
34,ເກັກຮວຍປ່ອງແດງ,ເຄື່ອງດື່ມ
35,ຜັກບົ້ງ 300ກຼາມ,ຜັກປອດສານພິດ
36,NVເສືອຮ້ອງໄຫ້ແພັກສະໄລ 300g,ອາຫານແຊ່ແຂງ
37,ຊອດຫອຍແມ່ຄົວ 150 ມລ,ເຄື່ອງປຸງ
38,"ນໍ້າທິບ ແພັກໃຫຍ່ 1,5L",ເຄື່ອງດື່ມ
39,ໝູນຸ້ມໝັກພິກໄທດຳ 500g,ຊີ້ນແພກແບຣນ
40,ໄສ້ກອກລົດໄຟ700g,ອາຫານແຊ່ແຂງ
41,ສັນຄໍໝູສະໄລ້ WARP FREEZE 250 ກຣາມ,ຊີ້ນແພກແບຣນ
42,ລົດດີຜົງລົດໝູ70g,ເຄື່ອງປຸງ
43,ປາຊາບະຮົມຄວັນ 125ກຼາມ,ອາຫານແຊ່ແຂງ
44,NVເສືອຮ້ອງໄຫ້ອົດສະຕາລີ500g,ອາຫານແຊ່ແຂງ
45,ເຫັດຫິມະ 200g,ເຫັດ-ສາຫຼ່າຍ
46,ນ້ຳ​ປາ​ຫວຽດ750ml,ເຄື່ອງປຸງ
47,ກະແລ້ມກະທິ,ອາຫານສຳເລັດຮູບ
48,ລູກຊີ້ນເອັນ 500g,ອາຫານສຳເລັດຮູບ
49,ຄະນໍຜົງລົດໝູ 400g,ເຄື່ອງປຸງ
50,ຜັກກາດຂາວ,ຜັກປອດສານພິດ
51,ຫມູທອດ 1000g,ຊີ້ນແພກແບຣນ
52,ໝູນຸ້ມໝັກນ້ຳມັນງາ 500g,ຊີ້ນແພກແບຣນ
53,ສັນຄໍໝູ,ຊີ້ນສົດ
54,ເຫັດຫຼວງ500g,ເຫັດ-ສາຫຼ່າຍ
55,ນ້ຳຕານແດງ1kg,ເຄື່ອງປຸງ
56,ໄຂ່ໄກ່ແຕະ 30 ຟອງ ຝາຄອບ-ເບີ 3,ໄກ່ - ໄຂ່
57,ປີກກາງຖົງ2kg,ອາຫານແຊ່ແຂງ
58,ກະດູກສັນຫລັງ,ຊີ້ນສົດ
59,ແຈ່ວພັນທ້າຍ 342 ກຼາມ,ນໍ້າແຈ່ວ
60,NVນົມໝູສະໄລ້A 500g,ອາຫານແຊ່ແຂງ
61,CP ຊຸດຈຸ່ມພີມ້ຽນ,ຜັກປອດສານພິດ
62,ໄສ້ກອກຫມູຄອກເທວຜະສົມຊີສ 500g,ອາຫານແຊ່ແຂງ
63,ແຈ່ວສຸກີ້ແມ່ທອນ 500g,ເຄື່ອງປຸງ
64,ກະແລ້ມໝາກໜອດ,ອາຫານສຳເລັດຮູບ
65,ວິຕາມິນC ນ້ຳສົ້ມ,ເຄື່ອງດື່ມ
66,Mfoodແຈ່ວດາດ_ຈຸ່ມ500g,ນໍ້າແຈ່ວ
67,ແຈ່ວສຸກີ້ແມ່ທອນ 750g,ນໍ້າແຈ່ວ
68,ຊອດແມັກກີ້ 680ກຼາມ,ເຄື່ອງປຸງ
69,ໝູສາມຊັ້ນໝັກນ້ຳມັນງາ 500g,ຊີ້ນແພກແບຣນ
70,ກະດູກຂໍ້,ຊີ້ນສົດ
71,ເລ່ລົດໂມລິສະລາຍຖົງ44g,ເຂົ້າໜົມ
72,ສາມຊັ້ນໝັກເກືອ 1000g,ຊີ້ນແພກແບຣນ
73,AROເນື້ອປາດໍລີ້ສະໄລ່,ອາຫານແຊ່ແຂງ
74,ເສັ້ນດຳເປັນມັດ500g,ເຄື່ອງແຫ້ງ
75,Okimchi 300g,ອາຫານສຳເລັດຮູບ
76,NVໜອກສະໄລອົດສະຕາລີ300g,ອາຫານແຊ່ແຂງ
77,ຊີ້ນສາມຊັ້ນສະໄລ້ອານາໄມ 1000 ກຣາມ,ຊີ້ນແພກແບຣນ
78,TVIຄອມໂບຊີສບັນລວມ 500g,ອາຫານແຊ່ແຂງ
79,ຫມຶກເສັ້ນ1kg,ອາຫານແຊ່ແຂງ
80,ຊີ້ນຄໍໝູປີ້ງ WF(TS) 500 ກຣາມ,ຊີ້ນແພກແບຣນ
81,ບັດເຕີເຄັກກ່ອງ,ເຂົ້າໜົມ
82,ແຈ່ວສຸກີ້ ແມ່ຂ້ອຍ 500ກຼາມ,ແຈ່ວຊີ້ນດາດ - ຊີ້ນຈຸ່ມ
83,NV ຂາລາຍAUD 500g,ອາຫານແຊ່ແຂງ
84,ກະແລ້ມຖົ່ວດຳ,ອາຫານສຳເລັດຮູບ
85,SUNFOOD ປີກບົນໄກ່ຖົງແດງ1kg,ອາຫານແຊ່ແຂງ
86,ຫາງໝູອານາໄມ FREEZE 1000 ກຣາມ,ຊີ້ນອານາໄມ
87,ເສັ້ນແກ້ວສະລ່າຍຄາວາ1000g,ເຄື່ອງແຫ້ງ
88,ປາຊາບະເປັນໂຕ 400ກຼາມ,ອາຫານແຊ່ແຂງ
89,ລຸກຊີ້ນຫມູ A ແພັກ 500 g,ອາຫານສຳເລັດຮູບ
90,Okimchi 500g,ອາຫານສຳເລັດຮູບ
91,ຊິ້ນສະໂພກໝູ (ຊິ້ນຂາຫລັງ),ຊີ້ນສົດ
92,ຊີ້ນໝູສາມຊັ້ນຕັດເສັ້ນ WF(TS) 500 ກຣາມ,ຊີ້ນແພກແບຣນ
93,ກະດູກຂ້າງໝູຕັດເສັ້ນ WF(TS) 500 ກຣາມ,ຊີ້ນແພກແບຣນ
94,ຜັກຫົມ 300ກຼາມ,ຜັກປອດສານພິດ
95,ນໍ້າປາ ກາປາມືກຂວດຢາງ700ມລ,ເຄື່ອງປຸງ
96,ແຈ່ວສຸກີ້ແມ່ທອນ 250g,ເຄື່ອງປຸງ
97,ເຕົາຫູ້ໄຂ່ ເກດ Aຖົງ10ອັນ,ໄກ່ - ໄຂ່
98,ເອິກໄກ່ຖົງໃສ2kg,ອາຫານແຊ່ແຂງ
99,ເລ່ກິ່ນກຸ້ງມັງກອນສະໄປຊີກ່ອງ100g,ເຂົ້າໜົມ
100,ຊິ້ນໝູບົດປົນມັນໝູ 20%,ຊີ້ນສົດ
101,ຫົວຫອມບົ່ວແດງ500g,ຜັກປອດສານພິດ
102,ແຈ່ວເສສວນງົວຫອມ150ກຮາມ,ເຄື່ອງປຸງ
103,ຮອດອກPPເຫລືອງໄກ່,ອາຫານແຊ່ແຂງ
104,ລູກຊີ້ນປາແຫຼມ,ອາຫານແຊ່ແຂງ
105,ໄສ້ຕັນໝູພັນອານາໄມ FREEZE 1000 ກຣາມ,ຊີ້ນອານາໄມ
106,ມິລິນດາຂຽວ1225ml,ເຄື່ອງດື່ມ
107,ກຸ້ງປອກເປືອກຜ່າຈົງຫາງ (26/30) 500g,ອາຫານແຊ່ແຂງ
108,ກະແລ້ມເຜືອກ,ອາຫານສຳເລັດຮູບ
109,ລູກຊີ້ນປາມຶກTVT500g,ອາຫານແຊ່ແຂງ
110,ປູອັດເບັນໂຕະ 500g,ອາຫານແຊ່ແຂງ
111,ປີກເຕັມໄກ່ເນື້ອອານາໄມ,ໄກ່ແພັກແບັນ
112,ໄຂ່ໄກ່ແພັກ 10 ຟອງ-ເບີ 0,ໄກ່ - ໄຂ່
113,ຍອດອ່ອນຕາວັນ,ຜັກ
114,ເຕົ້າ​ຫູ້​ປາTVI 500g,ອາຫານແຊ່ແຂງ
115,ຊີ້ນໝູສາມຊັ້ນສະໄລ້ WF(TS) 500 ກຣາມ,ຊີ້ນແພກແບຣນ
116,ນ້ຳມັນຫມູແພັກແບນ 1000g,ເຄື່ອງປຸງ
117,ສັນໃນໝູ ,ຊີ້ນສົດ
118,ຊິ້ນບ່າໄຫລ່ໝູ (ຊິ້ນຂາໜ້າ),ຊີ້ນສົດ
119,ກະດູກໃບພາຍ,ຊີ້ນສົດ
120,ຄະນໍໄກ່ກ້ອນ 20ກກ,ເຄື່ອງປຸງ
121,ເສັ້ນບູດົງ200g,ປະເພດ-ເສັ້ນ
122,ຍອດຜັກຫົມອອ່ນ,ຜັກ
123,ມິລິນດາແດງສະຕໍເບີລີ1225ml,ເຄື່ອງດື່ມ
124,ໄຂ່ໄກ່ແຕະ 30 ຟອງ ຝາຄອບ-ເບີ 2,ໄກ່ - ໄຂ່
125,ຊີ້ນໝູສາມຊັ້ນສະໄລ້ WRAP FREEZE 500 ກຣາມ,ຊີ້ນແພກແບຣນ
126,ເຕົາຫູ້ໄຂ່ ເກດ A,ອາຫານສຳເລັດຮູບ
127,ຄອນເນ່ຖົງ48g,ເຂົ້າໜົມ
128,ເທດໂຕ້ລົດສະລາຍຖົງ42g,ເຂົ້າໜົມ
129,ປາ​ກະ​ປ່ອງສາມ​ແມ່​ຄົວ93g,ອາຫານສຳເລັດຮູບ
130,ເຈ້ຍສິດຊູວິລາເປັນອັນ,ຢາສາມັນປະຈໍາບ້ານ
131,ລ້ອນສາຍຝົນ 70ກຼາມ,ເຄື່ອງແຫ້ງ
132,ໝີ່ໄວໄວຊ່ອງ ລົດດັ້ງເດີມ,ເຄື່ອງແຫ້ງ
133,ນໍ້າທິບກາງ 550ມລ,ເຄື່ອງດື່ມ
134,ຄະນໍກ້ອນລົດໝູ,ເຄື່ອງປຸງ
135,ເຕົາຮູ້ແຜ່ນ,ເຄື່ອງແຫ້ງ
136,ຄະນໍກ້ອນ ຕົ້ມຍຳ,ເຄື່ອງປຸງ
137,ສາຫຼ່າຍດຳ FUTAL,ເຄື່ອງແຫ້ງ
138,ຄະນໍລົດໝູຖົງ17g,ເຄື່ອງປຸງ
139,ປູອັດTVI 250ກຼາມ,ອາຫານແຊ່ແຂງ
140,ຜົ້ງ​ປີງ​ຈີນ100g,ເຄື່ອງປຸງ
141,ເຫັດຫອມ100g,ເຫັດ-ສາຫຼ່າຍ
142,ຫມູປີ້ງ 10ໄມ້  550g,ອາຫານສຳເລັດຮູບ
143,SunValleyນັກເກັດໄກ່ 1kg,ອາຫານແຊ່ແຂງ
144,ເສັ້ນເສສວນມັດ500g,ເຄື່ອງແຫ້ງ
145,ຫົວກະທຽມ500g,ຜັກປອດສານພິດ
146,ໄກ່ຈໍ້ 500 ກັມ,ອາຫານສຳເລັດຮູບ
147,ປາເສັ້ນຈັບໂບ້ລົດບາບິຄິວ,ເຂົ້າໜົມ
148,ປາໄຂ່ 500 ກຼາມ,ອາຫານແຊ່ແຂງ
149,ມັນຝຮັ່ງຫຍັກເອັກຕ້າ1kg,ອາຫານແຊ່ແຂງ
150,Orchid ນ້ຳ​ມັນ​ຫວຽດ 2L,ເຄື່ອງປຸງ
151,ສະໂພກໄກ່ຖົງ2kg,ອາຫານແຊ່ແຂງ
152,ນັກເກັດດາວ 300g,ອາຫານສຳເລັດຮູບ
153,ເອິກເປັດລົມຄວນ1kg,ອາຫານແຊ່ແຂງ
154,ປີກບົນຖົງໃສ2kg,ອາຫານແຊ່ແຂງ
155,ເອິກເປັດ,ອາຫານແຊ່ແຂງ
156,ເນີຍຈີດຕາແດນນີ່1/2ປອນ,ອາຫານແຊ່ແຂງ
157,ຫມູຍໍ່ຫນັງ A 500 g,ອາຫານສຳເລັດຮູບ
158,ເປັດເປັນໂຕ,ອາຫານແຊ່ແຂງ
159,ໂອອີຊິລົດຊາດຳໝາກນາວ,ເຄື່ອງດື່ມ
160,ເຕົ້າຫູ້ແຫ້ງເສັ້ນ,ເຄື່ອງແຫ້ງ
161,ນ້ຳພິກແກງເພັດນ້ຳໃຈ100g,ເຄື່ອງປຸງ
162,ເສັ້ນດາເມັນ200g,ປະເພດ-ເສັ້ນ
163,SunValleyຊິກເກັນຕິກ1kg,ອາຫານແຊ່ແຂງ
164,AFMໄສ້ກອກໄກ່500g,ອາຫານແຊ່ແຂງ
165,ເອິກໄກ່ເນື້ອຕິດຫນັງອານາໄມ,ໄກ່ແພັກແບັນ
166,ກະແລ້ມຖົ່ວລຽນ,ອາຫານສຳເລັດຮູບ
167,ເລ່ລົດດັງເດີມຖົງ,ເຂົ້າໜົມ
168,ແມັກກີ້ 200ມລ,ເຄື່ອງປຸງ
169,ເສັ້ນດຳເສສວນຖົງ200g,ເຄື່ອງແຫ້ງ
170,ເລ່ໂມລິສະລາຍກ່ອງ100g,ເຂົ້າໜົມ
171,ໄສ້ກອກຫມູ 500g,ອາຫານສຳເລັດຮູບ
172,ນໍ້າມັນຫອຍນາງລົມ600ml,ເຄື່ອງປຸງ
173,ກະດູກແກງໝູ,ຊີ້ນສົດ
174,AFMໄສ້ກອກຊີດຂຽວ 500ກຼາມ,ອາຫານແຊ່ແຂງ
175,ໝູ​ກະ​ປ່ອງ340g,ອາຫານສຳເລັດຮູບ
176,ເຫັດມະນ້ອຍຖົງຟ້າ200g,ເຫັດ-ສາຫຼ່າຍ
177,ຕີນໄກ່ 1 kg,ໄກ່ - ໄຂ່
178,ລົດດີ ໝູ 800ກຼາມ,ເຄື່ອງປຸງ
179,Mfood ໜ້າເຂົ້າຊອຍ500g,ອາຫານແຊ່ແຂງ
180,ຊອດຫອຍນາງລົມຕາກູດໄຣ່500g,ເຄື່ອງປຸງ
181,ກະດູກຂ້າງໝູ,ຊີ້ນສົດ
182,ຂາຕັ້ງ (ຂາຫລັງໝູ),ຊີ້ນສົດ
183,ເຕົາຮູ້ແຜ່ນ 120ກມ,ເຄື່ອງແຫ້ງ
184,ນໍ້າທິບນ້ອຍ 350ມລ,ເຄື່ອງດື່ມ
185,ລ້ອນສາຍຝົນ 35ກຼາມ,ເຄື່ອງແຫ້ງ
186,ລົດດີ ພະໂລ້ 60ກຼາມ,ເຄື່ອງປຸງ
187,ກະປິ 75ກຼາມ,ເຄື່ອງປຸງ
188,ປາແດກແມ່ບຸນລໍ້າ 400ກຼາມ,ເຄື່ອງປຸງ
189,ແຈ່ວລູກຊີ້ນ (ຝາຂຽວ),ເຄື່ອງປຸງ
190,ເສັ້ນເຜືອກ200g,ເຄື່ອງແຫ້ງ
191,ແປບຊີຕຸກ1225ml,ເຄື່ອງດື່ມ
192,ໂອອີຊິລົດເຂົ້າ,ເຄື່ອງດື່ມ
193,ປາເສັ້ນຈັບໂບ້ລົດຊຸບເປີແຊບ,ເຂົ້າໜົມ
194,ນໍ້າມັນພືດກຸກ 1000ກຼາມ,ເຄື່ອງປຸງ
195,ປາ​ລອນດີ້ແຜ່ນPP 1 kg,ອາຫານແຊ່ແຂງ
196,ໂອອີຊິລົດໝາກນາວ,ເຄື່ອງດື່ມ
197,ຫມີເກົາຫລີບົວຖົງ,ອາຫານສຳເລັດຮູບ
198,ໂອອີຊິລົດດັງເດີມ,ເຄື່ອງດື່ມ
199,ເກືອກາກວຽນໄອໂອດີນເວີນຄຳ 1ກິໂລ,ເຄື່ອງປຸງ
200,ໂລຊ່າ ຊອດໝາກເຂືອເທດ 300ກຼາມ,ເຄື່ອງປຸງ
201,ເເມ໊ກກີ້ສູດຫອມ200g,ເຄື່ອງປຸງ
202,ວິຕາມິນC ເລມອນ,ເຄື່ອງດື່ມ
203,ນົມສົ້ມ ໝາກໜອດ 60ml,ອາຫານສຳເລັດຮູບ
204,ວາຊາບິ E&S,ເຄື່ອງແຫ້ງ
205,ເສັ້ນເຜືອກມ່ວງຫອມ200g,ເຄື່ອງແຫ້ງ
206,ປີກໄກ່ນິວອໍລີນ 300g,ອາຫານສຳເລັດຮູບ
207,ໄມ້ຖູ່100ຄູ່,ເຄື່ອງໃຊ້ທົ່ວໄປ
208,ນ້ຳຕານບວງ 1ກິໂລ,ອາຫານສຳເລັດຮູບ
209,ໝາກ​ນາວ​ໂຊ​ດາ,ເຄື່ອງດື່ມ
210,ຊີ້ນໝູສາມຊັ້ນຕັດຕ່ອນ FREEZE 500 ກຣາມ,ຊີ້ນແພກແບຣນ
211,Polar Bear ໝາກຖົວຍິປຸ່ນ Edamame 1kg,ອາຫານແຊ່ແຂງ
212,ປາກະປ່ອງ3ແມ່ຄົວແພັກ,ອາຫານສຳເລັດຮູບ
213,Orchid ນ້ຳ​ມັນ​ຫວຽດ 1 ml,ເຄື່ອງປຸງ
214,ລ້ອນ​ສາຍ​ຜົນ​ຖົ​ງ​ໃຫຍ່​700g,ເຄື່ອງແຫ້ງ
215,ນ້ຳຈິ້ມໄກ່ຄົວຕະວັນ230g,ເຄື່ອງປຸງ
216,SunValleyປີກໄກ່ກອບດັງເດີມ1kg,ອາຫານແຊ່ແຂງ
217,ໝູຍໍ່ A 1000 g,ອາຫານສຳເລັດຮູບ
218,ນ່ອງໄກ່ເນື້ອຕິດສະໂພກອານາໄມ,ໄກ່ແພັກແບັນ
219,ປີກກາງຕີດປາຍປີກ2kg,ອາຫານແຊ່ແຂງ
220,ແຈ່ວດາດຫອມແຊບໃຫຍ່ນຸ້ມນວນ500g,ແຈ່ວຊີ້ນດາດ - ຊີ້ນຈຸ່ມ
221,ສະອິວດຳ940g,ເຄື່ອງປຸງ
222,AROຜັກລວມ1kg,ອາຫານແຊ່ແຂງ
223,ຫມູຝອຍ   100 g,ອາຫານສຳເລັດຮູບ
224,ຊອດຫອຍນາງລົມຕຸກ1000g,ເຄື່ອງປຸງ
225,Aro ຖົ່ວເເຮະຢີ່ປຸ່ນເເຊ່ເເຂງ,ອາຫານແຊ່ແຂງ
226,ນັກເກັດວົງ 300g,ອາຫານສຳເລັດຮູບ
227,ຫມຶກວົງຕິດໜັງ1kg,ອາຫານແຊ່ແຂງ
228,ກະດູກຂ້າງcp1kg,ອາຫານແຊ່ແຂງ
229,ກະແລ້ມແອັບເປີ້ນ,ອາຫານສຳເລັດຮູບ
230,NV ຂາລາຍສະໄລ 300g,ອາຫານແຊ່ແຂງ
231,ຫມີ່ເກົາຫລີບົວແພັກ5ຫໍ່,ອາຫານສຳເລັດຮູບ
232,ເລ່ລົດບາບີຄີວ44g,ເຂົ້າໜົມ
233,ເລ່ຊາວຄີມແລະຫົວຫອມກ່ອງ100g,ເຂົ້າໜົມ
234,ໃບກະເພົາ,ຜັກປອດສານພິດ
235,ຂະໜົມຊີລ້ຽວສອດໄສ້ລົດຊອກໂກແລດ,ເຂົ້າໜົມ
236,ຕີນໄກ່ເນື້ອອານາໄມ,ໄກ່ແພັກແບັນ
237,ຊອດໝາກເລັນກູດໄລ500g,ເຄື່ອງປຸງ
238,ນໍ້າຕານຊາຍຂາວ ກາປວງ 1ກິໂລ,ເຄື່ອງປຸງ
239,ປາມຶກກອບຊົງເຄື່ອງ18g,ເຂົ້າໜົມ
240,ຊອດປຸງລົດງາຂາວ220ml,ເຄື່ອງປຸງ
241,ກະດູກອ່ອນໝູຕັດຕ່ອນ WF(TS) 500 ກຣາມ,ຊີ້ນແພກແບຣນ
242,PFP ຊິກູວາ500g,ອາຫານແຊ່ແຂງ
243,ສົ້ມຫມູ  500 g,ອາຫານສຳເລັດຮູບ
244,ໄວຕາມີວງາຂາວ300ml,ເຄື່ອງດື່ມ
245,ຮອນດອກແດງນ້ອຍ1kg,ອາຫານແຊ່ແຂງ
246,ແຈ່ວດາດ-ຈຸ່ມແມ່ບົວໄລ,ແຈ່ວຊີ້ນດາດ - ຊີ້ນຈຸ່ມ
247,ເນີຍເຄັມຕາແດນນີ່1/2ປອນ,ອາຫານແຊ່ແຂງ
248,ເຄື່ອງເທດມາລ້າ200g,ເຄື່ອງປຸງ
249,ກໍ້ແພັກອາຫານ30cm*30cm,ເຄື່ອງໃຊ້ທົ່ວໄປ
250,ຍຳຍຳກຸ້ງນ້ຳໃສຊ່ອງ,ເຄື່ອງແຫ້ງ
251,ແປງໂກກີ 500ກ,ເຄື່ອງປຸງ
252,Hi ຫນ້າເສສວນນໍ້າມັນພືດ 220g,ເຄື່ອງປຸງ
253,ນ້ຳ​ມັນ​ອາ​ງຸ່ນ1ml,ເຄື່ອງປຸງ
254,ລູກຊີ້ນປາTVI 500g,ອາຫານແຊ່ແຂງ
255,tvi Seafood Bowl ທະເລລວມ,ອາຫານແຊ່ແຂງ
256,ເຂົ້າຈ້າວກາພະຍານາກ 1kg,ເຄື່ອງແຫ້ງ
257,pfp ເຕົາຮູ້ປາແຜ່ນ500g,ອາຫານແຊ່ແຂງ
258,ໝີ່ເກົາຫລີດຳແພັກ5ຫໍ່,ອາຫານສຳເລັດຮູບ
259,ເຂົ້າປຸ້ນແຫ້ງຊຽງຂຽວ,ເຄື່ອງແຫ້ງ
260,ປາປີກ້າຖົງ48g,ເຂົ້າໜົມ
261,ເລ່ມັນຝຮັ່ງອໍລິຈິນໍກ່ອງ100g,ເຂົ້າໜົມ
262,ໄຕໄກ່ 1 kg,ອາຫານແຊ່ແຂງ
263,SunValleyໄກ່ປ໋ອບດັງເດີມ1kg,ອາຫານແຊ່ແຂງ
264,ເປົາ​ທູ​ໂທນ​ໄສ້​ໄຂ່​ກຸ້ງ500g,ອາຫານແຊ່ແຂງ
265,ຊອດ​ຖົວ​ເຫຼືອງ​ຍີ່​ປຸ່ນ200ml,ເຄື່ອງປຸງ
266,ນ່ອງໄກ່ SunValley 1kg,ອາຫານແຊ່ແຂງ
267,ຂາຫມູຕຸ້ນ 1000g,ອາຫານສຳເລັດຮູບ
268,ແຈ່ວດາດຫອມແຊບເຂັ້ມຂຸ້ນ 500g,ແຈ່ວຊີ້ນດາດ - ຊີ້ນຈຸ່ມ
269,ຫມີ່ເກົາຫລີຊອງດຳ,ອາຫານສຳເລັດຮູບ
270,ຈໍປູ 500g,ອາຫານແຊ່ແຂງ
271,ຂະໜົມຊີລ້ຽວຊອກໂກແລດສອດໄສ້ຄີມ,ເຂົ້າໜົມ
272,ຫມຶກຫມາກນັດ 1kg,ອາຫານແຊ່ແຂງ
273,ໄຕໄກ່KCF1kg,ອາຫານແຊ່ແຂງ
274,ໝູນຸ້ມໝັກພິກໄທດຳ 1000g,ຊີ້ນແພກແບຣນ
275,ໝູສາມຊັ້ນໝັກນ້ຳມັນງາ 1000g,ຊີ້ນແພກແບຣນ
276,ຍຳຍຳຈຳໂບ້ ໝູສັບ,ອາຫານສຳເລັດຮູບ
277,ຄອນເນ່ຊີດຖົງ48g,ເຂົ້າໜົມ
278,ນໍ້າທິບໃຫຍ່ 1.5ລິດ,ເຄື່ອງດື່ມ
279,ຍຳຍຳຈຳໂບ້ ຕົ້ມຍຳກຸ້ງເຂັມຂຸ້ນ,ອາຫານສຳເລັດຮູບ
280,ແປ້ງນົວກາຖ້ວຍ 500g,ເຄື່ອງປຸງ
281,ລ້ອນ​ສາຍ​ຜົນ​ຖົງ​350g,ເຄື່ອງແຫ້ງ
282,pfpລູກຊີ້ນປາພູເກັດ500g,ອາຫານແຊ່ແຂງ
283,ເສັ້ນມັນຝຮັງ450g,ເຄື່ອງແຫ້ງ
284,ປາຍປີກ1kg,ອາຫານແຊ່ແຂງ
285,ຊອດ​ຫອຍ​ຄົວ​ຕະ​ວັນ1kg,ເຄື່ອງປຸງ
286,ຢໍ່ຈືນໂປະແຕກແພັກໃຫຍ່,ອາຫານແຊ່ແຂງ
287,ນົມສົ້ມ ດັ້ງເດີມ 60ml,ອາຫານສຳເລັດຮູບ
288,ວາຊາບິ S&G,ເຄື່ອງແຫ້ງ
289,ຫົວຜັກບົວ500g,ຜັກ
290,ກໍ້ແພັກອາຫານ200m*30cm,ເຄື່ອງໃຊ້ທົ່ວໄປ
291,ນໍ້າສົ້ມສາຍຊູ1ລິດ,ເຄື່ອງປຸງ
292,ໝີ່ແພັກຂຽວ,ເຄື່ອງແຫ້ງ
293,ລູກຊີ້ນກຸ້ງTVI 500g,ອາຫານແຊ່ແຂງ
294,ໄກ່ກອບຢີ່ປຸ່ນທັດສືທາເກະ 300g,ອາຫານສຳເລັດຮູບ
295,PFPປາມ້ອນໄສ້ໄຂ່ເຄັມ500g,ອາຫານແຊ່ແຂງ
296,ນ້ຳ​ສະ​ລັດງາຂາວ​ຍີ່​ປຸ່ນ220ml,ເຄື່ອງປຸງ
297,ເສດມັນໝູ,ຊີ້ນສົດ
298,ເຈ້ຍສິດຊູວິລາຖົງໃຫຍ່4ອັນ,ເຄື່ອງປຸງ
299,ຊອດໝາກເຂືອເທດໂລຊ່າຂວດ500g,ເຄື່ອງປຸງ
300,ວິຕາມິນC ທັບທິມ,ເຄື່ອງດື່ມ
301,ນ່ອງໄກ່ຕິດສະໂພກຖົງໃສ2kg,ອາຫານແຊ່ແຂງ
302,ແຈ່ວກະທະຮ້ອນ 330ກຼາມ,ແຈ່ວຊີ້ນດາດ - ຊີ້ນຈຸ່ມ
303,ນໍ້າແຈ່ວປີ້ງຈີນ 260ກຼາມ,ເຄື່ອງປຸງ
304,ໂຄງໄກ່ເນື້ອຕິດຫົວ,ໄກ່ - ໄຂ່
305,ຂາລາຍສະໄລ້ 300ກຼາມ,ຊີ້ນແພກແບຣນ
306,ເສັ້ນໝາກອຶ 200g,ເຄື່ອງແຫ້ງ
307,ນ້ຳປາມຶກແກ້ວນ້ອຍ300g,ເຄື່ອງປຸງ
308,ເອັນເຫຼືອງ1000g,ອາຫານແຊ່ແຂງ
309,ນໍ້າທິບ ແພັກນ້ອຍ 350ມລ,ເຄື່ອງດື່ມ
310,ແຈ່ວພັນທ້າຍແກ້ວໃຫຍ່ 820ກຼາມ,ນໍ້າແຈ່ວ
311,ຊັນໄລ ໄລປອນເອມຖົງ550ml,ເຄື່ອງໃຊ້ທົ່ວໄປ
312,ເທດໂຕ້ລົດບາບີຄີວຖົງ42g,ເຂົ້າໜົມ
313,ເລັບມືນາງ1kg,ອາຫານແຊ່ແຂງ
314,ໄສ້ໝູແຊບ200g,ອາຫານແຊ່ແຂງ
315,ແຈ່ວຄຸນນັດ500g,ນໍ້າແຈ່ວ
316,ເສັ້ນດຳ 200ກມ,ເຄື່ອງແຫ້ງ
317,ນໍ້າປາກາປາມຶກແກ້ວ 700ມລ,ເຄື່ອງປຸງ
318,ຕັບເປັດ1kg,ອາຫານແຊ່ແຂງ
319,CP ເນື້ອເອິກໄກ່ລ້ວນ ແພັກ 2 kg,ໄກ່ - ໄຂ່
320,ກະທິ ອາລອຍດີ250g,ເຄື່ອງປຸງ
321,ພູເຂົາທອງ600ມລ,ເຄື່ອງປຸງ
322,ໄສ້ກອກຫວານ 500g,ອາຫານສຳເລັດຮູບ
323,ນ້ຳມະຂາມ400ml,ເຄື່ອງດື່ມ
324,ນ້ຳຕານປີດ1kg,ເຄື່ອງປຸງ
325,ໂປເຕ້ຖົງ48g,ເຂົ້າໜົມ
326,ຜົ້ງປີງຈີນ40g,ເຄື່ອງປຸງ
327,best foods ເສັ້ນສະປາເກັດຕີ້400g,ອາຫານສຳເລັດຮູບ
328,ນໍ້າຈິ້ມໄກ່ ແມ່ປານອມ 260ກລາມ,ເຄື່ອງປຸງ
329,ປາກເປັດບໍຕິດລີ້ນ1kg,ອາຫານແຊ່ແຂງ
330,ແຈ່ວສຸກີ້ກວາງຕຸ້ງ830ກລາມ,ແຈ່ວຊີ້ນດາດ - ຊີ້ນຈຸ່ມ
331,ຜົງແຈ່ວປີ້ງຈີນ130g,ເຄື່ອງປຸງ
332,ຊອດເທີຍາກິ220ml,ເຄື່ອງປຸງ
333,ກະທິອຳພາວາ1000g,ເຄື່ອງປຸງ
334,TVIເຕົ້າຮູ້ແຊມວີດ 500g,ອາຫານແຊ່ແຂງ
335,ໄກ່ຕົ້ມນ້ຳປາ,-
336,ໄກ່ລາດປອກບໍ່ລວມເຄື່ອງໃນ,ໄກ່ - ໄຂ່
337,ແຜ່ນແປ້ງປໍເປ້ຍແຊ່ແຂງ660g,ອາຫານແຊ່ແຂງ
338,ຫົວໃຈໄກ່2kg,ອາຫານແຊ່ແຂງ
339,ເອັນເຕ້ CP 1 kg,ອາຫານແຊ່ແຂງ
340,ເລ່ລົດດັງເດີມແຜ່ນຍັກແພັກໃຫຍ່06ຖົງ,ເຂົ້າໜົມ
341,ເລ່ລົດໂມລິສະລາຍແພັກໃຫຍ່06ຖົງ,ເຂົ້າໜົມ
342,ເລ່ລົດບາບີຄີວແພັກໃຫຍ່06ຖົງ,ເຂົ້າໜົມ
343,ຊິ້ນໝູບົດ ,ຊີ້ນສົດ
344,ຍຳຍຳລົດສຸກີ້ຊ່ອງ,ເຄື່ອງແຫ້ງ
345,ກຸ້ງປອກເປືອກແຊ່ແຂງ 1000g,ອາຫານແຊ່ແຂງ
346,ເຝີເສັ້ນໃຫ່ຍ,ເຄື່ອງແຫ້ງ
347,ວາກາເມະຈັງ 500g,ອາຫານແຊ່ແຂງ
348,ນ້ຳມັນກຸກ1.9L,ເຄື່ອງປຸງ
349,ຫມີ່ເກົາຫລີແດງຫໍ່,ອາຫານສຳເລັດຮູບ
350,ນ້ຳມັນອາງຸ່ນ230g,ເຄື່ອງປຸງ
351,ນັກເກັດໄກ່ຄລາສສິກ 300g,ອາຫານສຳເລັດຮູບ
352,ຄາລາເກະໄກ່ກອບ 300g,ອາຫານສຳເລັດຮູບ
353,ເດວິດເອັນໄກ່ 1kg,ອາຫານແຊ່ແຂງ
354,ໄຂ່ໄກ່ແຕະ 30 ຟອງ-ເບີ 3,ໄກ່ - ໄຂ່
355,ສະລ່າຍຖົງໃສ100g,ເຄື່ອງແຫ້ງ
356,ປາທອງເພັດຕິດໜັງສະໄລ1kg,ອາຫານແຊ່ແຂງ
357,ຊອດພິກໄຮຄິວ 670ກ,ເຄື່ອງປຸງ
358,ນ້ຳພິກເຜົາ ແມ່ປະນອມ 228ກຼາມ,ເຄື່ອງປຸງ
359,ໂລຊ່າຊໍອດພີກ 300ກລາມ,ເຄື່ອງປຸງ
360,MIK ເກົາຫລີ້ TATO 800g,ອາຫານແຊ່ແຂງ
361,ແຈ່ວນໍ້າຈິ້ມສຸກີ້ກວາງຕຸ້ງ 330ກຼາມ,ນໍ້າແຈ່ວ
362,ແຈ່ວພັນປາ550 g,ເຄື່ອງປຸງ
363,ເຈ້ຍເຫລື້ອມ3m*30cm,ເຄື່ອງໃຊ້ທົ່ວໄປ
364,ຊອດໂລ​ຊ້າ​ໝາກ​ເດັນ​ກາ​ໂລ600g,ເຄື່ອງປຸງ
365,ຊາລາເປົາ ຄຣີມຊີດtvi500,ອາຫານແຊ່ແຂງ
366,ຫມູຍໍ່ຫນັງ A 1000 g,ອາຫານສຳເລັດຮູບ
367,ນ້ຳທິບ ແພັກກາງ 550ml,ເຄື່ອງດື່ມ
368,SunValleyໄກ່ປ໋ອບສະໄປຊີ1kg,ອາຫານແຊ່ແຂງ
369,ແປ້ງ​ນົວ​ກາ​ຈອງ1kg,ເຄື່ອງປຸງ
370,ໄກ່ລາດ-ປອກແພັກສູນອາກາດ,ໄກ່ - ໄຂ່
371,ລູກຊີ້ນກຸ້ງມັງກອນ TVI 500g,ອາຫານແຊ່ແຂງ
372,ລູກຊີ້ນປາກົມ,ອາຫານແຊ່ແຂງ
373,ແປ້ງ​ທອດກອບUSM1kg,ເຄື່ອງປຸງ
374,ສະອິວຝາຂຽວຄົວ​ຕະ​ວັນ600g,ເຄື່ອງປຸງ
375,tvi ປູອັດນາມິ500g,ອາຫານແຊ່ແຂງ
376,ເຫັດມະນ້ອຍຖົງຂຽວ200g,ເຫັດ-ສາຫຼ່າຍ
377,ກະແລ້ມໄມ້ໝາກໂມ,ອາຫານສຳເລັດຮູບ
378,ນົມສົ້ມ ສະຕໍເບີລີ້ 60ml,ອາຫານສຳເລັດຮູບ
379,ສະອີ້ວຂາວເຫັດຫອມ 700ມລ,ເຄື່ອງປຸງ
380,ຟ້າໄທນໍ້າຂຸ້ນ350g,ເຄື່ອງປຸງ
381,best foods ມາຍ໋ອງເນສ 220ml,ເຄື່ອງປຸງ
382,ຄອນເນ່ຊີດແພັກໃຫຍ່3ຖົງ,ເຂົ້າໜົມ
383,best foods ມາຍ໋ອງເນສ 870g,ເຄື່ອງປຸງ
384,ຊີ້ນຫອຍແມງຜູ່ 1000ກຼາມ,ອາຫານແຊ່ແຂງ
385,ເອັນເຕ້ໄກ່2kg,ອາຫານແຊ່ແຂງ
386,ເຫືອກແດດດຽວປຸງສຳເລັດຮູບ500g,ອາຫານແຊ່ແຂງ
387,ຫມີ່ເກົາຫລີແດງເພັດຄູນ2ແພັກ5ຫໍ່,ອາຫານສຳເລັດຮູບ
388,ຫມີ່ເກົ່າຫລີ່ເຫລືອງຖົງ,ອາຫານສຳເລັດຮູບ
389,ຫມີ່ເກົາຫລີເພັດຄູນ3ແດງຫໍ່,ເຄື່ອງແຫ້ງ
390,ລົດດີຜົງລົດໝູ60g,ເຄື່ອງປຸງ
391,ໂອອີຊິອາງຸ່ນມວງ,ເຄື່ອງດື່ມ
392,ຄອບລົດຊອກໂກແລດຖົງ,ເຂົ້າໜົມ
393,ລົດດີ ໝູ 400ກຼາມ,ເຄື່ອງປຸງ
394,ຄອນເນ່ແພັກໃຫຍ່3ຖົງ,ເຂົ້າໜົມ
395,ຂະໜົມຊີລ້ຽວສອດໄສ້ລົດຊອກໂກແລດແພັກ3ຖົງ,ເຂົ້າໜົມ
396,ໄລປອນເອັມ3ຖົງ,ເຄື່ອງໃຊ້ທົ່ວໄປ
397,ໄວ​ໄວດັງເດີມ1ແກັດ,ເຄື່ອງແຫ້ງ
398,ຂະໜົມຊີລ້ຽວຊອກໂກແລດສອດໄສ້ຄີມແພັກ3ຖົງ,ເຂົ້າໜົມ
399,ຄອບລົດຊອກໂກແລດຖົງຂຽວແພັກ3ຖົງ,ເຂົ້າໜົມ
400,ຄອບສະກາຍລົດນ້ຳເຜິ້ງ,ເຂົ້າໜົມ
401,ຄອບສະກາຍລົດນ້ຳເຜິ້ງແພັກ3ຖົງ,ເຂົ້າໜົມ
402,ຄອບລົດຊອກໂກແລດຖົງຂຽວ,ເຂົ້າໜົມ
403,ສະລ່າຍຂຽວ100g,ເຄື່ອງແຫ້ງ
404,ຕີນໄກ່ເນື້ອ WF(TS) ,ໄກ່ - ໄຂ່
405,ສັນໃນໄກ່ເນື້ອອານາໄມ,ໄກ່ແພັກແບັນ
406,ປູອັດນາມິ 250ກຮາມ,ອາຫານແຊ່ແຂງ
407,ນ້ຳເຍັນເຍັນ400ml,ເຄື່ອງດື່ມ
408,ຢໍ່ຈືນໂປະແຕກແພັກນ້ອຍ,ອາຫານແຊ່ແຂງ
409,ຄະນໍລົດໝູ750g,ເຄື່ອງປຸງ
410,ກະທິອາລອຍດີ1000g,ເຄື່ອງປຸງ
411,ໄຂ່ໄກ່ແພັກ 10 ຟອງ-ເບີ 2,ໄກ່ - ໄຂ່
412,ແຈ່ວກະທະຮ້ອນ 830ກລາມ,ແຈ່ວຊີ້ນດາດ - ຊີ້ນຈຸ່ມ
413,ຕີນໝູ,ຊີ້ນສົດ
414,AROໄມ້ຖູ່100ຄູ່,ເຄື່ອງໃຊ້ທົ່ວໄປ
415,ຍຳຍຳສຸກກີ້ເແກັດ,ເຄື່ອງແຫ້ງ
416,ປາກລ່າງຕິດລີ້ນ,ເປັດຊີພີ
417,ໄມ້ຈິ້ມແຂວ,ເຄື່ອງໃຊ້ທົ່ວໄປ
418,ມາມ່າຊອງເສັ້ນນ້ອຍຕົ້ມຍຳ,ອາຫານສຳເລັດຮູບ
419,ໝູຫຍອງກອບ50g,ເຄື່ອງແຫ້ງ
420,ກະທິ ຊາວເກາະ1000ml,ເຄື່ອງປຸງ
421,ຊອດໝາກເພັດໂລຊ່າຂວດ500g,ເຄື່ອງປຸງ
422,ຍຳຍຳກຸ້ງນ້ຳໃສແກັດ,ເຄື່ອງແຫ້ງ
423,ຍຳໆຊອງສູດຕົ້ມຍຳກຸ້ງນ້ຳຂຸ້ນແກັດ,ເຄື່ອງແຫ້ງ
424,ກຸ້ງປອກເປືອກຜ່າຈົງຫາງ PDTO (10/15) 500g,ອາຫານແຊ່ແຂງ
425,ຊອ​ສ ຊູ​ຊິ​ໂຊ​ຢຸ220ml,ເຄື່ອງປຸງ
426,ນ້ຳ​ປາ​ເມ​ກາ​ເຊບ700ml,ເຄື່ອງປຸງ
427,ໝີ່ໜວດມັງກອນຟ້າ,ເຄື່ອງແຫ້ງ
428,ບະຫມີກຽ້ວກຸ້ງ 308g,ອາຫານສຳເລັດຮູບ
429,ນ້ຳ​ສະ​ລັດງາຂາວ​ຍີ່​ປຸ່ນ1L,ເຄື່ອງປຸງ
430,ສິດຊູກໍ້ວິລາ,ເຄື່ອງໃຊ້ທົ່ວໄປ
431,ນ້ຳໝາກຟ້າວfreeze240ml,ເຄື່ອງດື່ມ
432,tvi chikuwa500g,ອາຫານແຊ່ແຂງ
433,ວຸ້ນຫມາກຟ້າວ240ml,ເຄື່ອງດື່ມ
434,MIK zaab zeed TATO 800g,ອາຫານແຊ່ແຂງ
435,ຫມີ່ເກົ່າຫລີ່ເຫລືອງແພັກ5ຫໍ່,ອາຫານສຳເລັດຮູບ
436,ສະອິວນົວ380ml,ເຄື່ອງປຸງ
437,ຍາກິນິກຸຊອດ220ml,ເຄື່ອງປຸງ
438,TVIກຸ້ງລະເບີດ500g,ອາຫານແຊ່ແຂງ
439,ແຈ່ວສຸກີ້ ໄອເຟວ 250g,ອາຫານສຳເລັດຮູບ
440,SunValleyປີກໄກ່ກອບລົດບາບີຄີວ1kg,ອາຫານແຊ່ແຂງ
441,ນ້ຳໝາກນາວຟ້າໄທ1000g,ເຄື່ອງປຸງ
442,ເທດໂຕ້ລົດສະລາຍແພັກ6ຖົງ,ເຂົ້າໜົມ
443,ແຈ່ວMK830g,ແຈ່ວຊີ້ນດາດ - ຊີ້ນຈຸ່ມ
444,ແຈ່ວສຸກີ້ ໄອເຟວ 500g,ອາຫານສຳເລັດຮູບ
445,ແຈ່ວເສສວນໂຕປາ220g,ເຄື່ອງປຸງ
446,ໂຄກ ລົດດັ້ງເດີມ 1.25ລ,ເຄື່ອງດື່ມ
447,ຍຳຍຳໝູສັບແກັດ,ເຄື່ອງແຫ້ງ
448,ແຈ່ວໄອເຟວເພ້ຍ 250ກຼາມ,ອາຫານສຳເລັດຮູບ
449,la fonteເສັ້ນສະປາກິດຕີ້500g,ເຄື່ອງແຫ້ງ
450,ລູກຊີ້ນຫມູ,ອາຫານແຊ່ແຂງ
451,tvi ດອກໄມ້ທະເລ500g,ອາຫານແຊ່ແຂງ
452,ລົດດີຊຸບກ້ອນ ລົດໝູ,ເຄື່ອງປຸງ
453,ໂຄກກະປອງ ບໍ່ມີນໍ້າຕານ 325ມລ,ເຄື່ອງດື່ມ
454,ພິກໄທຂາວກາມື 60g,ເຄື່ອງປຸງ
455,ພອກຊ໋ອບຕັດຕ່ອນ FREEZE,ຊີ້ນແພກແບຣນ
456,ກຸ້ງຂາວດິບຫມົດໂຕ (21-25) 350g,ອາຫານທະເລ
457,ກຸ້ງປອກເປືອກຜ່າຫລັງຖອດຫາງ  PDTL (10/15) 500g,ອາຫານທະເລ
458,ກຸ້ງຕົມສຸກແຊ່ແຂງ (31/40) 500g,ອາຫານສຳເລັດຮູບ
459,ກຸ້ງຄາຣາເກະ 500g,ອາຫານສຳເລັດຮູບ
460,ກຸ້ງທອດ 500g,ອາຫານສຳເລັດຮູບ
461,ກຽ້ວກຸ້ງຈັກກະພັດ 145g,ອາຫານສຳເລັດຮູບ
462,ກຽ້ວກຸ້ງຈັກກະພັດຊຸບມາລ່າ 143g,ອາຫານສຳເລັດຮູບ
463,ກຽ້ວກຸ້ງຣົດຕົມຍຳ 115g,ອາຫານສຳເລັດຮູບ
464,ເອິກໄກ່ເນື້ອຕິດຫນັງ WF(TS) ,ໄກ່ - ໄຂ່
465,ປີກເຕັມໄກ່ເນື້ອ WF(TS) ,ໄກ່ - ໄຂ່
466,ສັນໃນໄກ່ເນື້ອ,ໄກ່ - ໄຂ່
467,ເຄື່ອງໃນແດງລວມ(ໄກ່ເນື້ອ),ໄກ່ - ໄຂ່
468,ໄກ່ເນື້ອ -ກົມ ,ໄກ່ - ໄຂ່
469,ໄກ່ເນື້ອ-ລ້ວງ (S),ໄກ່ - ໄຂ່
470,ໄກ່ເນື້ອ AA,ໄກ່ - ໄຂ່
471,ນ່ອງໄກ່ເນື້ອຕິດສະໂພກ WF(TS) ,ໄກ່ - ໄຂ່
472,ກົ້ນໄກ່ເນື້ອ,ໄກ່ແພັກແບັນ
473,ໄກ່ເນື້ອ -ກົມ(ໄກ່ຊຳລຸດ),ໄກ່ - ໄຂ່
474,ໄກ່ເນື້ອລ້ວງປອກແພັກຖາດ,ໄກ່ - ໄຂ່
475,ໄກ່ເນື້ອລ້ວງປອກແພັກສູນຍາກາດ,ໄກ່ - ໄຂ່
476,ຄໍໄກ່ເນື້ອຕິດຫົວ,ໄກ່ - ໄຂ່
477,ເຄື່ອງໃນໄກ່ເນື້ອ WF(TS) ,ໄກ່ - ໄຂ່
478,ເອິກໄກ່ເນື້ອຕິດຫນັງ ,ໄກ່ - ໄຂ່
479,ນ່ອງໄກ່ເນື້ອຕິດສະໂພກ ,ໄກ່ - ໄຂ່
480,ປີກເຕັມໄກ່ເນື້ອ ,ໄກ່ - ໄຂ່
481,ຕີນໄກ່ເນື້ອ ,ໄກ່ - ໄຂ່
482,ສັນໃນໄກ່ເນື້ອ WF(TS)  ,ໄກ່ - ໄຂ່
483,ເຄື່ອງໃນໄກ່ເນື້ອອານາໄມ,ໄກ່ແພັກແບັນ
484,ໄຂ່ໄກ່ແພັກ 4 ຟອງ-ເບີ 2,ໄກ່ - ໄຂ່
485,ໄຂ່ໄກ່ແພັກ 6 ຟອງ-ເບີ 5,ໄກ່ - ໄຂ່
486,ໄຂ່ໄກ່ແພັກ 10 ຟອງ-ເບີ 1,ໄກ່ - ໄຂ່
487,ໄຂ່ໄກ່ແຕະ 30 ຟອງ-ເບີ 0,ໄກ່ - ໄຂ່
488,ໄຂ່ໄກ່ແຕະ 30 ຟອງ-ເບີ 1,ໄກ່ - ໄຂ່
489,ໄຂ່ໄກ່ແຕະ 30 ຟອງ-ເບີ 2,ໄກ່ - ໄຂ່
490,ໄຂ່ໄກ່ແຕະ 30 ຟອງ-ເບີ 4,ໄກ່ - ໄຂ່
491,ໄຂ່ໄກ່ແຕະ 30 ຟອງ-ເບີ 5,ໄກ່ - ໄຂ່
492,ໄຂ່ໄກ່ແຕະ 30 ຟອງ-ໄຂ່ຈຳໂບ້,ໄກ່ - ໄຂ່
493,ໄຂ່ໄກ່ແຕະ 30 ໜ່ວຍ ຝາຄອບ-ເບີ 0,ໄກ່ - ໄຂ່
494,ໄຂ່ໄກ່ແຕະ 30 ໜ່ວຍ ຝາຄອບ-ເບີ 1,ໄກ່ - ໄຂ່
495,ໄຂ່ໄກ່ແຕະ 30 ໜ່ວຍ ຝາຄອບ-ເບີ 4,ໄກ່ - ໄຂ່
496,ໄຂ່ໄກ່ແຕະ 30 ໜ່ວຍ ຝາຄອບ-ເບີ 5,ໄກ່ - ໄຂ່
497,ໄຂ່ໄກ່ແຕະ 30 ໜ່ວຍ ຝາຄອບ-ເບີ 6,ໄກ່ - ໄຂ່
498,ໄຂ່ລວກ  ແພັກ 2  ຟອງ,ໄກ່ - ໄຂ່
499,ໄຂ່ຕົ້ມ ແພັກ 2 ຟອງ,ໄກ່ - ໄຂ່
500,ໄຂ່ໄກ່ Cage Free  ແພັກ 10  ຟອງ,ໄກ່ - ໄຂ່
501,ໄຂ່ເປັດແພັກ 10 ຟອງ,ໄກ່ - ໄຂ່
502,ເຄື່ອງໃນໄກ່ລາດ 500 ກຣາມ,ໄກ່ - ໄຂ່
503,ໄກ່ລາດ-ປອກ 10ໂຕ(S),ໄກ່ - ໄຂ່
504,ໄກ່ລາດ-ປອກ 10ໂຕ(M),ໄກ່ - ໄຂ່
505,ໄກ່ລາດ-ປອກ 10ໂຕ(L),ໄກ່ - ໄຂ່
506,ໄກ່ລາດ-ປອກແພັກຖາດ,ໄກ່ - ໄຂ່
507,ເຄື່ອງໃນໄກ່ລາດ ,ໄກ່ - ໄຂ່
508,ເຄື່ອງໃນໄກ່ລາດ WF(TS),ໄກ່ - ໄຂ່
509,ລູກຊີ້ນຫມູ A ແພັກ 1000 g,-
510,ໝູຍໍ່ A 500 g,ອາຫານສຳເລັດຮູບ
511,ຍໍ່ແຊບ  500 g,ອາຫານສຳເລັດຮູບ
512,ຍໍ່ແຊບ  1000 g,ອາຫານສຳເລັດຮູບ
513,ໝູນຸ້ມໝັກນ້ຳມັນງາ 1000g,ຊີ້ນແພກແບຣນ
514,ໝູສາມຊັ້ນໝັກພິກໄທດຳ 1000g,ຊີ້ນແພກແບຣນ
515,ຫມູຝອຍ  1000g ,ອາຫານສຳເລັດຮູບ
516,ລຸກຊີ້ນແຊບ 500 g,ອາຫານສຳເລັດຮູບ
517,ລູກຊີ້ນແຊບ 1000 g,ອາຫານສຳເລັດຮູບ
518,ຫມູຫນາວ 500g,ອາຫານສຳເລັດຮູບ
519,ນ້ຳມັນຫມູ 1000 ມລ.,ອາຫານສຳເລັດຮູບ
520,ໄສ້ກອກຫວານ 250g,ອາຫານສຳເລັດຮູບ
521,ໝູສາມຊັ້ນໝັກພິກໄທດຳ 500g,ຊີ້ນແພກແບຣນ
522,ໄສ້ກອກເຂົ້າ 500g,ອາຫານສຳເລັດຮູບ
523,ໄສ້ກອກສົ້ມ 500g,ອາຫານສຳເລັດຮູບ
524,ໄສ້ກອກລ້ອນ 500g,ອາຫານສຳເລັດຮູບ
525,ຫມູກອບ   500g,ອາຫານສຳເລັດຮູບ
526,ໂບໂລນ້າ 300g,ອາຫານສຳເລັດຮູບ
527,ໄສ້ກອກແຟ້ງ 300 ກຣາມ,ອາຫານສຳເລັດຮູບ
528,ໄສ້ກອກແຟ້ງ 500g,ອາຫານສຳເລັດຮູບ
529,ໄສ້ກອກຈຳໂບ້ຊີດ 500g,ອາຫານສຳເລັດຮູບ
530,ລູກຊີ້ນເອັນ 1000g,-
531,ນ້ຳມັນຫມູແພັກແບຮນ 500g,ເຄື່ອງປຸງ
532,ຊິ້ນຄໍໝູປິ້ງ,ຊີ້ນສົດ
533,ໜັງຕິດມັນໝູ,ຊີ້ນສົດ
534,ໄສ້ຕັນໝູ,ຊີ້ນສົດ
535,ໄຂ່ຫລັງໝູ,ຊີ້ນສົດ
536,ມ້າມໝູ,ຊີ້ນສົດ
537,ຫາງໝູ,ຊີ້ນສົດ
538,ຫົວໝູ (ຫົວເຕັມ),ຊີ້ນສົດ
539,ເຄື່ອງໃນໝູລວມ,ຊີ້ນສົດ
540,ພອກຊ໋ອບ (ຊິ້ນສະເຕັກ),ຊີ້ນສົດ
541,ເສັດຊິ້ນໝູ,ຊີ້ນສົດ
542,ມັນໝູແຂງ,ຊີ້ນສົດ
543,ມັນເປວ,ຊີ້ນສົດ
544,ໜັງໝູຊິ້ນ,ຊີ້ນສົດ
545,ມັນຕ໋ອມ,ຊີ້ນສົດ
546,ເສດຂີ້ເລື່ອຍ,ຊີ້ນສົດ
547,ເສດຫນັງ,ຊີ້ນສົດ
548,ມັນແຂງຕິດໜັງ,ຊີ້ນສົດ
549,ຊີ້ນສອງຊັ້ນ,ຊີ້ນສົດ
550,ກະດູກຂ້າງຕິດຊິ້ນໜາ,ຊີ້ນສົດ
551,ກະດູກອ່ອນ ແພັກ 1 ກິໂລກຣາມ,ຊີ້ນແພກແບຣນ
552,ພົກຢ່ຽວ,-
553,ມັນຕິດໄສ້ໝູ,-
554,ຊິ້ນຄໍໝູປີ້ງ WRAP 500 ກຣາມ,ຊີ້ນແພກແບຣນ
555,ຊີ້ນໝູສາມຊັ້ນຕັດເສັ້ນ WRAP 500 ກຣາມ,ຊີ້ນແພກແບຣນ
556,ກະດູກຂ້າງໝູຕັດເສັ້ນ WRAP 500 ກຣາມ,ຊີ້ນແພກແບຣນ
557,ກະດູກອ່ອນໝູຕັດຕ່ອນ WRAP 500 ກຣາມ,ຊີ້ນແພກແບຣນ
558,ຊີ້ນໝູບົດປົນມັນ 10% WRAP 500 ກຣາມ,ຊີ້ນແພກແບຣນ
559,ຊີ້ນສັນຄໍໝູສະເຕັກ WRAP 500 ກຣາມ,ຊີ້ນແພກແບຣນ
560,ຊີ້ນສັນນອກໝູສະເຕັກ WRAP 500 ກຣາມ,ຊີ້ນແພກແບຣນ
561,ຊີ້ນຄໍໝູປີ້ງ WRAP FREEZE 500 ກຣາມ,ຊີ້ນແພກແບຣນ
562,ຊີ້ນໝູສາມຊັ້ນຕັດເສັ້ນ WRAP FREEZE 500 ກຣາມ,ຊີ້ນແພກແບຣນ
563,ກະດູກຂ້າງໝູຕັດເສັ້ນ WRAP FREEZE 500 ກຣາມ,ຊີ້ນແພກແບຣນ
564,ກະດູກຂ້າງໝູຕັດຕ່ອນ WRAP FREEZE 500 ກຣາມ,ຊີ້ນແພກແບຣນ
565,ກະດູກອ່ອນໝູຕັດຕ່ອນ WRAP FREEZE 500 ກຣາມ,ຊີ້ນແພກແບຣນ
566,ຊີ້ນໝູບົດປົນມັນ 10% WRAP FREEZE 500 ກຣາມ,ຊີ້ນແພກແບຣນ
567,ຊີ້ນໝູບົດປົນມັນ 30% WRAP FREEZE 500 ກຣາມ,ຊີ້ນແພກແບຣນ
568,ຊີ້ນສັນຄໍໝູສະເຕັກ WRAP FREEZE 500 ກຣາມ,ຊີ້ນແພກແບຣນ
569,ຊີ້ນສັນນອກໝູສະເຕັກ WRAP FREEZE 500 ກຣາມ,ຊີ້ນແພກແບຣນ
570,ຊີ້ນສັນນອກໝູສະໄລ້ WRAP FREEZE 500 ກຣາມ,ຊີ້ນແພກແບຣນ
571,ຊີ້ນສັນຄໍໝູສະໄລ້ WRAP FREEZE 500 ກຣາມ,ຊີ້ນແພກແບຣນ
572,ຊີ້ນສັນຄໍໝູອານາໄມ 1000 ກຣາມ,ຊີ້ນອານາໄມ
573,ຊີ້ນໝູສາມຊັ້ນຕັດເສັ້ນອານາໄມ 1000 ກຣາມ,ຊີ້ນອານາໄມ
574,ກະດູກຂ້າງໝູຕັດເສັ້ນອານາໄມ 1000 ກຣາມ,ຊີ້ນອານາໄມ
575,ກະດູກຂ້າງໝູຕັດຕ່ອນອານາໄມ 1000 ກຣາມ,ຊີ້ນອານາໄມ
576,ກະດູກອ່ອນໝູຕັດຕ່ອນອານາໄມ 1000 ກຣາມ,ຊີ້ນອານາໄມ
577,ກະດູກສັນຫລັງຕັດຕ່ອນອານາໄມ 500 ກຣາມ,ຊີ້ນອານາໄມ
578,ສັນໃນໝູອານາໄມ 1000 ກຣາມ,ຊີ້ນອານາໄມ
579,ສັນໃນໝູອານາໄມ FREEZE 1000 ກຣາມ,ຊີ້ນອານາໄມ
580,ໝູບົດປົນມັນ 30% ອານາໄມ FREEZE 500 ກຣາມ,ຊີ້ນອານາໄມ
581,ຕີນໝູອານາໄມ 1000 ກຣາມ,ຊີ້ນອານາໄມ
582,ຕີນໝູອານາໄມ FREEZE 1000 ກຣາມ,ຊີ້ນອານາໄມ
583,ຊີ້ນໝູສາມຊັ້ນອານາໄມ 2000 ກຣາມ,-
584,ຊີ້ນສະໂພກໝູອານາໄມ 2000 ກຣາມ,ຊີ້ນອານາໄມ
585,ໝູບົດປົນມັນ 30% ອານາໄມ 2000 ກຣາມ,ຊີ້ນອານາໄມ
586,ໝູບົດປົນມັນ 20% ອານາໄມ 2000 ກຣາມ,ຊີ້ນອານາໄມ
587,ຫົວໝູ (ແຍກຊີ້ນສ່ວນ),-
588,ສັນຄໍໝູສະໄລ້ອານາໄມ FREEZE 250 ກຣາມ,ຊີ້ນອານາໄມ
589,ສາມຊັ້ນໝູສະໄລ້ອານາໄມ FREEZE 250 ກຣາມ,ຊີ້ນອານາໄມ
590,ໄສ້ຕັນໝູອານາໄມ FREEZE 500 ກຣາມ,ຊີ້ນອານາໄມ
591,ຊີ້ນສະໂພກໝູອານາໄມ FREEZE 1000 ກຣາມ,ຊີ້ນອານາໄມ
592,ຊີ້ນສັນນອກໝູອານາໄມ FREEZE 1000 ກຣາມ,ຊີ້ນອານາໄມ
593,ຊີ້ນສັນຄໍໝູອານາໄມ FREEZE 1000 ກຣາມ,ຊີ້ນອານາໄມ
594,ຊີ້ນໝູສາມຊັ້ນຕັດເສັ້ນອານາໄມ FREEZE 1000 ກຣາມ,ຊີ້ນອານາໄມ
595,ເສດກະດູກໝູ,-
596,ຊີ້ນບ່າໄຫລ່ໝູອານາໄມ FREEZE 1000 ກຣາມ,ຊີ້ນອານາໄມ
597,ໝູບົດປົນມັນ 20% ອານາໄມ FREEZE 1000 ກຣາມ,ຊີ້ນອານາໄມ
598,ຊີ້ນບ່າໄຫລ່ໝູສະໄລ้ອານາໄມ FREEZE 500 ກຣາມ,ຊີ້ນອານາໄມ
599,ກະດູກຂ້າງໝູອານາໄມ,ຊີ້ນອານາໄມ
600,ສັນນອກໝູອານາໄມ,ຊີ້ນສົດ
601,ສັນໃນໝູອານາໄມ,ຊີ້ນອານາໄມ
602,ນົມໝູສະໄລ້ WRAP FREEZE 500 ກຣາມ,ຊີ້ນແພກແບຣນ
603,ສາມຊັ້ນໝູ(ແຜ່ນ) ອານາໄມ,ຊີ້ນສົດ
604,ເສດຊີ້ນສັນນອກໝູ,ຊີ້ນສົດ
605,ເສດກະດູກຂ້າງໝູ,ຊີ້ນສົດ
606,ເສດມັນສາມຊັ້ນໝູສະໄລ້,ຊີ້ນສົດ
607,ໄສ້ຕັນໝູ WF(TS) 500 ກຣາມ,ຊີ້ນແພກແບຣນ
608,ຊີ້ນໝູບົດອານາໄມ 30% WC(TS) 500 ກຣາມ,ຊີ້ນແພກແບຣນ
609,ໄສ້ຕັນໝູອານາໄມ WC(TS) 500 ກຣາມ,ຊີ້ນແພກແບຣນ
610,ຊີ້ນສັນນອກໝູສະໄລ້ WF(TS) 500 ກຣາມ,ຊີ້ນແພກແບຣນ
611,ນົມໝູສະໄລ້ WF(TS) 500 ກຣາມ,ຊີ້ນແພກແບຣນ
612,ຊີ້ນສັນຄໍໝູສະເຕັກ WF(TS) 500 ກຣາມ,ຊີ້ນແພກແບຣນ
613,ຊີ້ນສັນນອກໝູສະເຕັກ WF(TS) 500 ກຣາມ,ຊີ້ນແພກແບຣນ
614,ຊີ້ນໝູບົດປົນມັນ 10% WF(TS) 500 ກຣາມ,ຊີ້ນແພກແບຣນ
615,ຊີ້ນໝູບົດປົນມັນ 30% WF(TS) 500 ກຣາມ,ຊີ້ນແພກແບຣນ
616,ສາມຊັ້ນໝູຕັດເສັ້ນອານາໄມ,ຊີ້ນອານາໄມ
617,ກະດູກສັນຫລັງອານາໄມ,ຊີ້ນສົດ
618,ກະດູກຂໍ້ອານາໄມ,ຊີ້ນອານາໄມ
619,ກະດູກໃບພາຍອານາໄມ,ຊີ້ນອານາໄມ
620,ກະດູກແກງອານາໄມ,ຊີ້ນອານາໄມ
621,ຕີນໝູອານາໄມ FREEZE,ຊີ້ນອານາໄມ
622,"ນ່ອງຕິດສະໂພກ 1,000g",ໄກ່ - ໄຂ່
623,ປ໋ອບຄອນໄກ່ກອບ 300g,ອາຫານສຳເລັດຮູບ
624,ໄກ່ນັກເກັດດາວ 1000g,ອາຫານສຳເລັດຮູບ
625,ເອິກໄກ່ທອດ 1Kg,ອາຫານສຳເລັດຮູບ
626,ໄກ່ຫ°່ສາຫລ່າຍ 1000g,ອາຫານສຳເລັດຮູບ
627,ປ໋ອບຄອນໄກ່ 1000g,ອາຫານສຳເລັດຮູບ
628,ເປັດ BB,ເປັດຊີພີ
629,ເປັດ BB 2kg (F),ເປັດຊີພີ
630,ເນື້ອເປັດບົດ,ເປັດຊີພີ
631,ໄສ້ກອກ JUMBO 1440g,Five Star
632,ຂາເປັດ #1 2kg,ເປັດຊີພີ
633,ຂາເປັດ 2kg (F),ເປັດຊີພີ
634,ນັກເກັດໄກ່,ອາຫານສຳເລັດຮູບ
635,ປີກປາຍເປັດ,ເປັດຊີພີ
636,ໄກ່ນີວອໍລີນ 200g,ອາຫານສຳເລັດຮູບ
637,ກົ້ນເປັດ CP,ເປັດຊີພີ
638,ໄກ່ຍ້າງເທີຣິຍາກິ 200g,ອາຫານສຳເລັດຮູບ
639,ນັກເກັດໄກ່ຄຣາດສິກ 200g,ອາຫານສຳເລັດຮູບ
640,ເປັດຫມັກເກືອພ້ອມປຸງ,ອາຫານສຳເລັດຮູບ
641,ບັນທ້າຍເປັດຫັ່ນຕ່ອນຫມັກເກືອ,ເປັດຊີພີ
642,ເປັດພະໂລ້ປຸງສຸກ  2kg ,ເປັດຊີພີ
643,ເປັດຫັ່ນຕ່ອນຫມັກເກືອພ້ອມປຸງ,ອາຫານສຳເລັດຮູບ
644,ເປັດສົດອະນາໄມ M,ເປັດຊີພີ
645,ເປັດສົດອະນາໄມ L,ເປັດຊີພີ
646,ເປັດສົດອະນາໄມ XL,ເປັດຊີພີ
647,ເຄື່ອງໃນເປັດ,ເປັດຊີພີ
648,ໄກ່ໝັກເກືອ,Five Star
649,ໄກ່ໝັກປີ້ງ,ອາຫານສຳເລັດຮູບ
650,ໄກ່ໝັກຜິກໄທດຳ 1000g,ອາຫານສຳເລັດຮູບ
651,ໄກ່ຈໍ້,Five Star
652,ກຸ້ງCTO CP Pacific Laos (61/70) 50*55g,ອາຫານແຊ່ແຂງ
653,Sbຂ້າວກຽບລອດໂນລິສາລ່າຍ,ອາຫານສຳເລັດຮູບ
654,ກາລົດ,ຜັກ
655,ຂາໄກ່ ຕິດສະໂພກ 2ກິໂລ,ໄກ່ - ໄຂ່
656,ງາປະສົມ ຂົ້ວສຸກ,ເຄື່ອງປຸງ
657,ຊອດແມັກກີ້200,ເຄື່ອງປຸງ
658,ຊຸດຜັກກັບລາບ,ຜັກ
659,ຊຸດຜັກຫ້າສີ,ຜັກ
660,ຊຸດແກງເຫັດ,ເຫັດ-ສາຫຼ່າຍ
661,ທີດຊູpd,ເຄື່ອງໃຊ້ທົ່ວໄປ
662,ນ່ອງຂາໄກ່ 1ກິໂລ,ໄກ່ - ໄຂ່
663,ນ່ອງໄກ່2ກິໂລ,ໄກ່ - ໄຂ່
664,ນໍ້າແຈ່ວໝ່າລ່າ,ເຄື່ອງປຸງ
665,ປັງໄທ3ຫຼຽມ,ເຄື່ອງປຸງ
666,ປັງໄທຍາວ,ເຄື່ອງປຸງ
667,ARO ປີກ​ບົນ​ໄກ່​ 2 kg,ໄກ່ - ໄຂ່
668,Aro ປີກເຕັມໄກ່ແຊ່ແຂງ 2kg,ໄກ່ - ໄຂ່
669,ມີ່ຈຳປັ້ງປາມືກແບບຊອງ,ອາຫານແຊ່ແຂງ
670,ມີ່ຊ່ອງຂຽວ,ອາຫານແຊ່ແຂງ
671,ມີ່ສະປາເກັດຕີ່,ເຄື່ອງແຫ້ງ
672,ມີ່ເກົາລີນຳກູລິສາລ່າຍ,ເຄື່ອງແຫ້ງ
673,ສະອິວຕຸກນ້ອຍ,ເຄື່ອງແຫ້ງ
674,ສາລະເປົາ,ເຄື່ອງແຫ້ງ
675,ສາລ່າຍຂາວ,ເຄື່ອງແຫ້ງ
676,ສາລ່າຍບົວ,ເຄື່ອງແຫ້ງ
677,ເຂົ້າຊອຍຕັດ ຊີດສ 200ກຼາມ,ເຄື່ອງແຫ້ງ
678,ເຂົ້າຊອຍຕັດ ນໍ້າເຜິ້ງ 200ກຼາມ,ເຄື່ອງແຫ້ງ
679,ເຂົ້າຊອຍຕັດ ລົດນໍ້າອ້ອຍ 200ກຼາມ,ເຄື່ອງແຫ້ງ
680,ເຂົ້າຊອຍຕັດ ລົດວານິລາ 200ກຼາມ,ເຄື່ອງແຫ້ງ
681,ເຂົ້າຊອຍຕັດ ໃບເຕີຍ 200ກຼາມ,ເຄື່ອງແຫ້ງ
682,ເຂົ້າຫນົມກຸ້ງສະໄປສຊີ,ເຄື່ອງແຫ້ງ
683,ເຟັນຟາຍ,ເຄື່ອງແຫ້ງ
684,ເສດມັນ,ເຄື່ອງແຫ້ງ
685,ເສສວນຍົກໂປ້,ເຄື່ອງແຫ້ງ
686,ເຫັດຍົກ200g,ເຄື່ອງແຫ້ງ
687,ແຈ່ວຫອມແຊບນ້ອຍ,ເຄື່ອງແຫ້ງ
688,ໂຈກໝູ,ເຄື່ອງແຫ້ງ
689,ຍົກລໍ້ TOGO,ເຄື່ອງດື່ມ
690,ແຟນຕ້າກະປອງສະຕໍເບີລີ ແດງ 325ມລ,ເຄື່ອງດື່ມ
691,ໂຄກ ລົດຊາດດັ້ງເດີມ 2ລິດ,ເຄື່ອງດື່ມ
692,ກະຍາສາດ3ລົດ,ອາຫານສຳເລັດຮູບ
693,ນົມໝູສະໄລ້ WRAP FREEZE 500g,ເຄື່ອງດື່ມ
694,ມິນິເມດ ນໍ້າໝາກກ້ຽງ,ເຄື່ອງດື່ມ
695,ມິນິເມດສະເເປລ,ເຄື່ອງດື່ມ
696,ສະໄປຣ ກະປອງກິ່ມເລມ້ອນ 325ມລ,ເຄື່ອງດື່ມ
697,ສະໄປຣຕຸກ ກິ່ມເລມ້ອນ 450ມລ,ເຄື່ອງດື່ມ
698,ແຟນຕ້າ ກະປອງຂຽວ 325ມລ,ເຄື່ອງດື່ມ
699,ແຟນຕ້າ ກະປອງສົ້ມ 325ມລ,ເຄື່ອງດື່ມ
700,ແຟນຕ້າຕຸກ ຂຽວ 450ມລ,ເຄື່ອງດື່ມ
701,ແຟນຕ້າຕຸກ ລົດໝາກກ້ຽງ 450ມລ,ເຄື່ອງດື່ມ
702,ແຟນຕ້າຕຸກສະຕໍເບີລີ ແດງ 450ມລ,ເຄື່ອງດື່ມ
703,ໂຄກຊີໂລ ບໍ່ມີນໍ້າຕານ 500ມລ,ເຄື່ອງດື່ມ
704,ໂຄກຕຸກ ສູດດັງເດີມ 500ມລ,ເຄື່ອງດື່ມ
705,ໂຄ້ກບໍ່ມີນໍ້າຕານ,ເຄື່ອງດື່ມ
706,ບ່າໄຫຼ່ຕິດໜັງສະໄລ້ 500ກຼາມ,ຊີ້ນແພກແບຣນ
707,ສະໂພກຕິດໜັງສະໄລ້ 500ກຼາມ,ຊີ້ນແພກແບຣນ
708,ເສືອສະໄລ້ 300ກຼາມ,ຊີ້ນແພກແບຣນ
709,i love ກິມຈິ 300g,ໄກ່ - ໄຂ່
710,ນ່ອງຂາຕິດສະໂພກ 1000g,ໄກ່ - ໄຂ່
711,ປິກເຕັມ 1000g,ໄກ່ - ໄຂ່
712,ປີກກາງໄກ່ 1kg,ອາຫານແຊ່ແຂງ
713,CP ປີກບົກໄກ່ 2 kg,ອາຫານແຊ່ແຂງ
714,ປີກປາຍໄກ່ (ນອກ) 1000ກຼາມ,ໄກ່ - ໄຂ່
715,ເອິກໄກ່ (ນອກ) 1kg,ໄກ່ - ໄຂ່
716,Aro ເອິກໄກ່​່​ຕິດ​ໜັງແຊ່ແຂງ 2kg,ໄກ່ - ໄຂ່
717,ກະລໍ່າປີ,ຜັກປອດສານພິດ
718,ກາລົດ,ຜັກປອດສານພິດ
719,ຜັກກາດກວາງຕຸ້ງ 300g,ຜັກປອດສານພິດ
720,ຜັກກາດຂາວ 300g,ຜັກປອດສານພິດ
721,ຜັກກາດຊອມ 500ກຼາມ,ຜັກປອດສານພິດ
722,ຜັກກາດນາ 500g,ຜັກປອດສານພິດ
723,ຜັກກາດຮ່ອງເຕ້ 500g,ຜັກປອດສານພິດ
724,ຜັກຊີ 100g,ຜັກປອດສານພິດ
725,ຜັກຊີ 500g,ຜັກປອດສານພິດ
726,ຜັກດອກຂາວ,ຜັກປອດສານພິດ
727,ຜັກດອກຂຽວ,ຜັກປອດສານພິດ
728,ຜັກຕົ້ນອ່ອນຕາວັນ 100ກຼາມ,ຜັກປອດສານພິດ
729,ຜັກປັງ 300ກຼາມ,ຜັກປອດສານພິດ
730,ຜັກສະນະລີ່ 200g,ຜັກປອດສານພິດ
731,ຜັກສະນະລີ່ 500g,ຜັກປອດສານພິດ
732,ຜັກສະລັດອີຕາລີ 100ກຼາມ,ຜັກປອດສານພິດ
733,ຜັກໜອກ 100g,ຜັກປອດສານພິດ
734,ຜັກໜອກ 500g,ຜັກປອດສານພິດ
735,ຜັກຫອມປ້ອມ 100ກຼາມ,ຜັກປອດສານພິດ
736,ຜັກຫອມລາບ 100g,ຜັກປອດສານພິດ
737,ຜັກຫອມລາບ 500g,ຜັກປອດສານພິດ
738,ຜັກເຊີນາລີ 200ກຼາມ,ຜັກປອດສານພິດ
739,ລັນເຕົາກົມ 200ກຼາມ,ຜັກປອດສານພິດ
740,ໝາກນາວ 4 ໜ່ວຍ,ຜັກປອດສານພິດ
741,ໝາກອຶແກ່,ຜັກປອດສານພິດ
742,ໝາກເຂືອ 4ໜ່ວຍ,ຜັກປອດສານພິດ
743,ໝາກເຜັດລາວ 100ກຼາມ,ຜັກປອດສານພິດ
744,ໝາກເຜັດຫວານ,ຜັກປອດສານພິດ
745,ໝາກເຜັດໃຫຍ່ 3ໜ່ວຍ,ຜັກປອດສານພິດ
746,ໝາກເລັ່ນລາຊະນີ 200ກຼາມ,ຜັກປອດສານພິດ
747,ໝາກເລັ່ນເນື້ອ,ຜັກປອດສານພິດ
748,ໝາກແຕງ 800-900g,ຜັກປອດສານພິດ
749,ໝາກແຕງ 500g,ຜັກປອດສານພິດ
750,ຫອມບົ່ວໃບ 100ກຼາມ,ຜັກປອດສານພິດ
751,ຫົວຂ່າ 100ກຼາມ,ຜັກປອດສານພິດ
752,ຫົວຂີງ 100ກຼາມ,ຜັກປອດສານພິດ
753,ຫົວຫອມບົ່ົວໃຫຍ່,ຜັກປອດສານພິດ
754,ໃບຂີ້ຫູດ 100g,ຜັກປອດສານພິດ
755,ໃບຂີ້ຫູດ 100ກຼາມ,ຜັກປອດສານພິດ
756,ກະແລ້ມໝາກມ່ວງ,ອາຫານສຳເລັດຮູບ
757,ກີມຈິ300ກລາມ,ອາຫານສຳເລັດຮູບ
758,ກີມຈິ500ກລາມ,ອາຫານສຳເລັດຮູບ
759,ຍຳຍຳ ກ່ອງ ລົດຕົ້ມຍຳກຸ້ງນໍ້າຂຸ້ນ,ອາຫານສຳເລັດຮູບ
760,ຍຳຍຳ ກ່ອງ ລົດໝູສັບ,ອາຫານສຳເລັດຮູບ
761,ຕະວັນລົດຕົ້ນຕຳລັບ,ອາຫານສຳເລັດຮູບ
762,ປາກະປອງ ສາມແມ່ຄົວກ່ອງ,ອາຫານສຳເລັດຮູບ
763,ປາມຶກຫິມະ,ອາຫານສຳເລັດຮູບ
764,ມ່າມ່າ ແກງຂຽວຫວານ,ອາຫານສຳເລັດຮູບ
765,ມີ່ຊຸບເປີ່ເກົາຫລີ,ອາຫານສຳເລັດຮູບ
766,ມີ່ມຶກໝາກນາວ,ອາຫານສຳເລັດຮູບ
767,ມີ່ລົດໝູສັບ,ອາຫານສຳເລັດຮູບ
768,ມີ່ແຊບຊຸບເປີ້ແຊບ,ອາຫານສຳເລັດຮູບ
769,ລູກຊີ້ນໝູສຽບ 10 ໄມ້,ອາຫານສຳເລັດຮູບ
770,ໝີໄວໄວລົດພະໂລ້,ອາຫານສຳເລັດຮູບ
771,ໝູທອງຄຳ,ອາຫານສຳເລັດຮູບ
772,ເທດໂຕຊົງເຄື່ອງ,ອາຫານສຳເລັດຮູບ
773,ເທດໂຕປາສາມລົດ,ອາຫານສຳເລັດຮູບ
774,ເທດໂຕ້ສາຫຼ່າຍເທີລິຢາກິ 52ກຼາມ,ອາຫານສຳເລັດຮູບ
775,ເຫັດເຂັມຖົງຟ້າ 200g,ເຫັດ-ສາຫຼ່າຍ
776,ແຈ່ວບາບີຄິວຊາວນາ,ອາຫານສຳເລັດຮູບ
777,ແຈ່ວສຸກີ້ຄົວເສດຖີ,ອາຫານສຳເລັດຮູບ
778,ແປ້ງເຂົ້າຈ້າວ,ອາຫານສຳເລັດຮູບ
779,ແປ້ງເຂົ້າໜ້ຽວ,ອາຫານສຳເລັດຮູບ
780,i love ກິມຈິ 500g,ອາຫານສຳເລັດຮູບ
781,ກຸ້ງຊຸບເກັດເຂົ້າໜົມປັງ 400ກຼາມ,ອາຫານສຳເລັດຮູບ
782,ກຸ້ງແຊ່ແຂງ 500g,ອາຫານສຳເລັດຮູບ
783,ກົກປີກໄກ່ທອດ 1kg,ອາຫານສຳເລັດຮູບ
784,ກ້ຽວກຸ້ງຈັກກະພັດ145g,ອາຫານສຳເລັດຮູບ
785,ກ້ຽວກຸ້ງຣົດຕົ້ມຍຳ 115g,ອາຫານສຳເລັດຮູບ
786,ຂຽບຫມູ  1000g,ອາຫານສຳເລັດຮູບ
787,ຂຽບຫມູ  20g,ອາຫານສຳເລັດຮູບ
788,ຂຽບຫມູ  50g,ອາຫານສຳເລັດຮູບ
789,ຊິກເກັນສະຕິກ,ອາຫານສຳເລັດຮູບ
790,ຖົ່ວແຣະ 400ກຼາມ,ອາຫານສຳເລັດຮູບ
791,ປາມ້ວນສອດໄສ້ຊີດສ 300ກຼາມ,ອາຫານສຳເລັດຮູບ
792,ປາຫວານ,ອາຫານສຳເລັດຮູບ
793,ຜັກລວມ 1000g,ອາຫານສຳເລັດຮູບ
794,ມັນຝຣັ່ງເສັ້ນຍັກ 1000g,ອາຫານສຳເລັດຮູບ
795,ວາຊາບິ TATZON,ອາຫານສຳເລັດຮູບ
796,ວາຊາບິ WASABI H&B,ອາຫານສຳເລັດຮູບ
797,ສະປາເກັດຕີ້ຄາໂບນາຮ່າ 200g,ອາຫານສຳເລັດຮູບ
798,ສະປາເກັດຕີ້ຄີຣມຊອດເຫັດ 200g,ອາຫານສຳເລັດຮູບ
799,ສະປາເກັດຕີ້ໄກ່ສັບ 250g,ອາຫານສຳເລັດຮູບ
800,ສະແປລ ສຕໍເບີຣີ່ 250ກຼາມ,ອາຫານສຳເລັດຮູບ
801,ສາລະເປົາ 12ກ້ອນ,ອາຫານສຳເລັດຮູບ
802,ໝີ່ເຫືອງຫວຽດ 500ກຼາມ,ອາຫານສຳເລັດຮູບ
803,ໝີ່ເຫຼືອງຫວຽດ 250ກຼາມ,ອາຫານສຳເລັດຮູບ
804,ໝູກອບ 200g,ອາຫານສຳເລັດຮູບ
805,ໝູກອບ 500g,ອາຫານສຳເລັດຮູບ
806,ຫມູກະຈົກ 1000g,ອາຫານສຳເລັດຮູບ
807,ຫມູກະຈົກ 20g,ອາຫານສຳເລັດຮູບ
808,ຫມູກະຈົກ 50g,ອາຫານສຳເລັດຮູບ
809,ຫມູປີ້ງນົມສົດ,ອາຫານສຳເລັດຮູບ
810,ໝູຝອຍຊົງເຄື່ອງ 100g,ອາຫານສຳເລັດຮູບ
811,ໝູໜາວ 500g,ອາຫານສຳເລັດຮູບ
812,ຮອດດອກຊີພີ ຮົມຄວັນ,ອາຫານສຳເລັດຮູບ
813,ເກືອໄອໂອດິນເວີນຄຳ 500ກຼາມ,ອາຫານສຳເລັດຮູບ
814,ເຂົ້າກາດວງໃຈ,ອາຫານສຳເລັດຮູບ
815,ເຂົ້າກຳໄກ່ນ້ອຍ 1kg,ອາຫານສຳເລັດຮູບ
816,ເຂົ້າໂຄບ ບໍ່ມີນໍ້າຕານ,ອາຫານສຳເລັດຮູບ
817,ເຂົ້າໂຄບ ໜ້າທັນຍາພືດ,ອາຫານສຳເລັດຮູບ
818,ເຂົ້າໂຄບ ໜ້ານໍ້າຕານ,ອາຫານສຳເລັດຮູບ
819,ເຂົ້າໂຄບໜ້າໝູຫຍອງພິກເຜົາ,ອາຫານສຳເລັດຮູບ
820,ເທດໂຕ ປູຜັດຜົງກະຣີ່,ອາຫານສຳເລັດຮູບ
821,ເທດໂຕ ມັນຝຮັ່ງແທ້42ກຼາມ,ອາຫານສຳເລັດຮູບ
822,ເທດໂຕ ສາລາຍແຊວມ້ອນ 52ກຼາມ,ອາຫານສຳເລັດຮູບ
823,ເອິກໄກ່ທອດ 1kg,ອາຫານສຳເລັດຮູບ
824,ໂຈກລົດໝູສາລ່າຍ32g,ອາຫານສຳເລັດຮູບ
825,ໂລຕີກອບ,ອາຫານສຳເລັດຮູບ
826,ໄກ່ຫໍ່ສາຫລ່າຍ 200g,ອາຫານສຳເລັດຮູບ
827,ໄກ່ອົບບາບີຄີວປະສົມນ້ຳເຜິ້ງ 200g,ອາຫານສຳເລັດຮູບ
828,ໄສ້ໝູໝັກສູດປີ້ງ 500ກຼາມ,ອາຫານສຳເລັດຮູບ
829,ກຸ້ງຂາວ 500ກຼາມ,ອາຫານແຊ່ແຂງ
830,ກຸ້ງແມ່ນໍ້າໂຕແມ່ 300ກຼາມ,ອາຫານແຊ່ແຂງ
831,ຊາໂມຊ່າ Samosa 144g,ອາຫານແຊ່ແຂງ
832,ຊີ້ນແກະສະໄລ້ 250ກຼາມ,ອາຫານແຊ່ແຂງ
833,ປາຊາບະ ປ່ຽງຟີນເລ້ 450ກຼາມ,ອາຫານແຊ່ແຂງ
834,ປາດໍລີ Frozen 1000g,ອາຫານແຊ່ແຂງ
835,ປາມຶກກ້ວຍ ອາຈ່ຽນຕິນ່າ 120ກຼາມ,ອາຫານແຊ່ແຂງ
836,ປາມຶກກະດອງເຈາະ 500ກຼາມ,ອາຫານແຊ່ແຂງ
837,ປາ​ແຊວມ້ອນຕັດຕ່ອມ 400ກຼາມ,ອາຫານແຊ່ແຂງ
838,ຢໍ່ກຸ້ງ ປໍເປ້ຍ Shrimp 210g,ອາຫານແຊ່ແຂງ
839,ຢໍ່ຜັກ ປໍເປຍ vegetable 120g,ອາຫານແຊ່ແຂງ
840,ລິບອາຍງົວ 200ກຼາມ,ອາຫານແຊ່ແຂງ
841,ໜວດປາມຶກ 1000ກຼາມ,ອາຫານແຊ່ແຂງ
842,ຫອຍແມງຜູ່ຊີລີ ເຄີ່ງຝາ 500ກຼາມ,ອາຫານແຊ່ແຂງ
843,ກະທິຊາວເກາະ,ເຄື່ອງປຸງ
844,ກະປິ,ເຄື່ອງປຸງ
845,ກາລີ່ໄກ່,ເຄື່ອງປຸງ
846,ຄະນໍກ້ອນ ລົດໝູ 20ກຼາມ,ເຄື່ອງປຸງ
847,ຄະນໍຜົງລົດໄກ່ 450ກຼາມ,ເຄື່ອງປຸງ
848,ງາຂາວຂົ້ວ,ເຄື່ອງປຸງ
849,ຈັບດາດ 250ກຼາມ,ເຄື່ອງປຸງ
850,ຈັບດາດ 500ກຼາມ,ເຄື່ອງປຸງ
851,ຊີດສ ມອດເຊເຣລາ,ເຄື່ອງປຸງ
852,ຊີສ,ເຄື່ອງປຸງ
853,ຊຸບກ້ອນສົ້ມ,ເຄື່ອງປຸງ
854,ນ້ຳພິກເຜົາແມ່ປານອມ 57ກຼາມ,ເຄື່ອງປຸງ
855,ນົມຄາເນຊັ່ນ380ກລາມ,ເຄື່ອງປຸງ
856,ນົມຄາເນຊັ່ນຈືດ385ກລາມ,ເຄື່ອງປຸງ
857,ນໍ້າຈິ້ມເນື້ອງົວ,ເຄື່ອງປຸງ
858,ນໍ້າຈິ້ມເນື້ອງົວນ້ອງພອນ,ເຄື່ອງປຸງ
859,ນໍ້າປາ ກາມຶກແທ້ 700ມລ,ເຄື່ອງປຸງ
860,ນໍ້າປາມຶກແທ້ 280ກຼາມ,ເຄື່ອງປຸງ
861,ນໍ້າປາຫວຽດ 500ມລ,ເຄື່ອງປຸງ
862,ນໍ້າປາແດກແມ່ອີພີມ 400ມລ,ເຄື່ອງປຸງ
863,ນໍ້າປາແດກໄມ,ເຄື່ອງປຸງ
864,ນໍ້າມັນໝາກພ້າວ 100ml,ເຄື່ອງປຸງ
865,ນໍ້າມັນໝາກພ້າວ 125ml,ເຄື່ອງປຸງ
866,ນໍ້າມັນໝາກພ້າວ 220ml,ເຄື່ອງປຸງ
867,ນໍ້າມັນໝາກພ້າວ 250ml,ເຄື່ອງປຸງ
868,ນໍ້າມັນໝາກພ້າວ 500ml,ເຄື່ອງປຸງ
869,ນໍ້າສະລັດງາລົດເຜັດ kewpie 500ml,ເຄື່ອງປຸງ
870,ນໍ້າສະຫລັດ,ເຄື່ອງປຸງ
871,ນໍ້າສະຫລັດ ຂາວ,ເຄື່ອງປຸງ
872,ນໍ້າໝາກນາວ500ມລ,ເຄື່ອງປຸງ
873,ນໍ້ຳສະຫລັດເມັດງາ,ເຄື່ອງປຸງ
874,ບາບີ່ຄຮິວ,ເຄື່ອງປຸງ
875,ປາປຮິກ້າ,ເຄື່ອງປຸງ
876,ຜົງແຈ່ວປີ້ງຈີນ ສູດດັ້ງເດີມ 50ກຼາມ,ເຄື່ອງປຸງ
877,ວາຊາບິ SHP 43ກຼາມ,ເຄື່ອງປຸງ
878,ວາຊາບິ SQB 43ກຼາມ,ເຄື່ອງປຸງ
879,ວິງແຊບ200ກຮາມ,ເຄື່ອງປຸງ
880,ສະອິ້ວຂາວ700ມລ,ເຄື່ອງປຸງ
881,ໝາກເຜັດຂົ້ວ,ເຄື່ອງປຸງ
882,ໝາກເພັດຈຽວ,ເຄື່ອງປຸງ
883,ຫອມບົວຈຽວ,ເຄື່ອງປຸງ
884,ຮອດແອນສໄປຊີ່,ເຄື່ອງປຸງ
885,ເກືອປຸງທິບ,ເຄື່ອງປຸງ
886,ເຂົ້າຂົ້ວ,ເຄື່ອງປຸງ
887,ເຂົ້າປຸນສີຟ້າ,ເຄື່ອງປຸງ
888,ເຄື່ອງພະໂລ້ ເຈົ້າຄຸນ,ເຄື່ອງປຸງ
889,ແຈ່ວຈຸ່ມຈີນ,ເຄື່ອງປຸງ
890,ແຈ່ວຊີຟູດ Saynamsun,ເຄື່ອງປຸງ
891,ແຈ່ວບອງ ຫຼວງພະບາງ 100ກຼາມ,ເຄື່ອງປຸງ
892,ແຈ່ວພັນທ້າຍລົດເຜັດ 300 ມລ,ເຄື່ອງປຸງ
893,ແຈ່ວລູກຊີ້ນ (ຖົງສົ້ມ),ເຄື່ອງປຸງ
894,ແຈ່ວລູກຊີ້ນ (ຝາສົ້ມ),ເຄື່ອງປຸງ
895,ແຈ່ວສຸກີ້ແມ່ຂ້ອຍ 250ກຼາມ,ເຄື່ອງປຸງ
896,ແຈ່ວຮ້ອນລົດຊາດດັ້ງເດີມ,ເຄື່ອງປຸງ
897,ແຈ່ວຮ້ອນເຂັ້ມຂຸ້ນເຜັດຄູນ2,ເຄື່ອງປຸງ
898,ແຈ່ວເສສວນຍົກໂປ້,ເຄື່ອງປຸງ
899,ແຈ່ວເສສວນຕີລ້ຽວ 150ກຼາມ,ເຄື່ອງປຸງ
900,ແຈ່ວເສສວນໂຕກຸ້ງ,ເຄື່ອງປຸງ
901,ແປ້ງນົວລາຊາຊູລົດ 500ກຼາມ,ເຄື່ອງປຸງ
902,ແມ໊ກກີ້ສູດເຂັມເຂົ້າເນື້ອ 680ມລ,ເຄື່ອງປຸງ
903,ແມັກກີ້ຊອດຫອຍ 740ກຼາມ,ເຄື່ອງປຸງ
904,ໂຊຢູ 220 ມລ,ເຄື່ອງປຸງ
905,ກອບກອບ ບາບີຄີວ 56g,ເຄື່ອງແຫ້ງ
906,ຄອນເນ່ ສາຫຼ່າຍ 48ກຼາມ,ເຂົ້າໜົມ
907,ງາດຳ 100ກຼາມ,ເຄື່ອງແຫ້ງ
908,ມ່າມ່າ,ເຄື່ອງແຫ້ງ
909,ມີ່ເກົາຫລີ,ເຄື່ອງແຫ້ງ
910,ເຂົ້າຊອຍຕັດ ດັ່ງເດີມ 200ກຼາມ,ເຄື່ອງແຫ້ງ
911,ເຂົ້າປຸ້ນສີສົ້ມ,ເຄື່ອງແຫ້ງ
912,ເຂົ້າປຸນສີເຫຼືອງ,ເຄື່ອງແຫ້ງ
913,ເຂົ້າໜົມປອບຄອນ,ເຄື່ອງແຫ້ງ
914,ເຂົ້າໜົມເລ ລົດເຝີເຮືອ 40ກຼາມ,ເຄື່ອງແຫ້ງ
915,ເສັ້ນມັນດ້າງ 150ກຼາມ,ເຄື່ອງແຫ້ງ
916,ເສືອໂຄ່ງລຸຍໄຟ ຄຽບໝູ,ເຄື່ອງແຫ້ງ
917,ແປ້ງສາລີ700ກຮາມ,ເຄື່ອງແຫ້ງ
918,ໄຂ່ໄດໂນເສົາ,ເຄື່ອງແຫ້ງ
919,ໄວໄວໝູສັບ,ເຄື່ອງແຫ້ງ
920,ນ່ອງໄກ(2ກລ),ອາຫານແຊ່ແຂງ
921,ໄກ່ລາດປອກແພັກຖາດ,ໄກ່ - ໄຂ່
922,ສາມຊັ້ນຕັດເສັ້ນອານາໄມ,ຊີ້ນສົດ
923,ນໍ້າປາຫວຽດ,ເຄື່ອງປຸງ
924,ນໍ້າສົ້ມສາຍຊູ,ເຄື່ອງປຸງ
925,ນໍ້າມັນຫມາກພ້າວ500g,ເຄື່ອງໃຊ້ທົ່ວໄປ
926,ຊອດຫອຍ,ເຄື່ອງປຸງ
927,ສາມຊັ້ນ300,ອາຫານແຊ່ແຂງ
928,ສາມຊັ້ນຕັດຕອນ1ໂລ,ຊີ້ນອານາໄມ
929,ບາບີຄີວ,ນໍ້າແຈ່ວ
930,ໄກ່ລາດມີເຄື່ອງໃນ,ໄກ່ - ໄຂ່
931,ເສືອໂຄງລຸຍໄຟສີຟ້າ,ເຂົ້າໜົມ
932,ມັນຝລັງ,ອາຫານແຊ່ແຂງ
933,PFP ປາເສັ້ນທອດ960g,ອາຫານແຊ່ແຂງ
934,TVI ປູຫຼອດ500g,ອາຫານແຊ່ແຂງ
935,ມັນຝຣັ່ງSuper Crispy1kg,ອາຫານແຊ່ແຂງ
936,ມັນຝຣັງcrinkle cut fries1kg,ອາຫານແຊ່ແຂງ
937,sunfood ປີກ​ບົນ​ຖົງຂຽວ 2kg,ອາຫານແຊ່ແຂງ
938,SUNFOOD ປີກບົນຖົງແດງ 2k,ອາຫານແຊ່ແຂງ
939,ນັກເກັດTatto1kg,ອາຫານແຊ່ແຂງ
940,AROສະຕໍເບີລີ1kg,ອາຫານແຊ່ແຂງ
941,ນັກເກັດຊີສລາວາ,ອາຫານແຊ່ແຂງ
942,ໄກ່ປ໊ອບ original Tato,ອາຫານແຊ່ແຂງ
943,ນັກເກັດ Hot&Spicy,ອາຫານແຊ່ແຂງ
944,ປູອັດທູໂທນໄສ້ຊີສ 500ກຮາມ,ອາຫານແຊ່ແຂງ
945,ຊີ້ນຂາລາຍ,ຊີ້ນສົດ
946,ຂາລາຍ AUD,ອາຫານແຊ່ແຂງ
947,fuzeteaຊາໝາກນາວ350ml,ເຄື່ອງດື່ມ
948,ໝີ່ໄວໄວຫມູສັບແກັດ,ອາຫານສຳເລັດຮູບ
949,ຫມີ່ເກົາຫລີຂຽວແພັກ5ຫໍ່,ອາຫານສຳເລັດຮູບ
950,ກະທິ ຊາວເກາະ 250ml,ເຄື່ອງປຸງ
951,ນ້ຳຈິ້ມໄກ່ແມ່ປະນອມ 980ກກ,ເຄື່ອງປຸງ
952,ກະປິກາໝາກນາວ 200g,ເຄື່ອງປຸງ
953,ຊຸດຜັກຈຸ່ມດາດ,ຜັກປອດສານພິດ
954,CP ຊຸດຈຸ່ມສຸດຄຸ້ມ,ຜັກປອດສານພິດ
955,ມາມ່າOKເຫຼື່ອງລົດເພັດໄຂ່ເຄັມແພັກ4ຫໍ່,ເຄື່ອງແຫ້ງ
956,ມາມ່າOKເຫຼື່ອງລົດເພັດຫໍ່,ເຄື່ອງແຫ້ງ
957,ມາມ່າOKບົວລົດຄາໂບນາລ່າແພັກ4ຫໍ່,ເຄື່ອງແຫ້ງ
958,ມາມ່າOKບົວລົດຄາໂບນາລ່າຫໍ່,ເຄື່ອງແຫ້ງ
959,AROນ່ອງຕິດສະໂພກໄກ່​ແຊ່​ແຂງ2kg,ອາຫານແຊ່ແຂງ
960,AROເອິກໄກ່ເນື້ອລ້ອນລອກຫນັງ 2kg,ອາຫານແຊ່ແຂງ
961,ເບດຟູດສະລັດຄີມ220ml,ເຄື່ອງປຸງ
962,test bar ,ຂອງຫວານ
963,ເຊ່ລ້າແຈ່ວຊີ້ນດາດ,ນໍ້າແຈ່ວ
964,tviຊາລາເປົາປາໄສ້ໄຂ່ເຄັມ500g,ອາຫານແຊ່ແຂງ
965,ແຈ່ວດາດພັນຊວນກິນ600g,ນໍ້າແຈ່ວ
966,ແຈ່ວດາດພັນຊວນກິນ300g,ນໍ້າແຈ່ວ
967,ອິຊິຕັນຊິວຊິວ410ml,ເຄື່ອງດື່ມ
968,ມາມ່າOKແດງແພັກ4ຫໍ່,ເຄື່ອງແຫ້ງ
969,ໂຈກໄກ່ກ່ອງ32g,ເຄື່ອງແຫ້ງ
970,ປາປີກ້າແພັກໃຫຍ່3ຖົງ,ເຂົ້າໜົມ
971,ລູກຊີ້ນງົວ1000g,ອາຫານແຊ່ແຂງ
972,ໄວຕາມິວງາດຳແກ້ວ300ml,ເຄື່ອງດື່ມ
973,ສະອິວຝາຂາວ ຄົວ​ຕະ​ວັນ600g,ເຄື່ອງປຸງ
974,ເລ່ລົດຫົວຫອມແພັກໃຫຍ່06ຖົງ,ເຂົ້າໜົມ
975,ເລ່ລົດຫົວຫອມຖົງ48g,ເຂົ້າໜົມ
976, ເລ່HOT&SPICYແພັກໃຫຍ່06ຖົງ,ເຂົ້າໜົມ
977, ເລ່HOT&SPICYຖົງ48g,ເຂົ້າໜົມ
978,ຫມີ່ເກົາຫລີສົ້ມແພັກ5ຫໍ່,ເຄື່ອງແຫ້ງ
979,ຫມີ່ເກົາຫລີສົ້ມຊ່ອງ,ເຄື່ອງແຫ້ງ
980,ສະ​ອິວ​ແມັກ​ກີ້100g,ເຄື່ອງປຸງ
981,ໄຂ່ໄກ່ແພັກ 10 ຟອງເບີ 0,ໄກ່ - ໄຂ່
982,ເອິກໄກ່KCF 1kg,ອາຫານແຊ່ແຂງ
983,ເສັ້ນມັນຕົ້ນ 240g,ເຄື່ອງແຫ້ງ
984,ຫມີ່ເກົາຫລີແດງເພັດຄູນ3ແພັກ5ຫໍ່,ເຄື່ອງແຫ້ງ
985,wasawi S & G,ເຄື່ອງປຸງ
986,ຜັກກະລຳ,ຜັກ
987,pure foods ນ້ຳສະລັດຄີມ1000g,ເຄື່ອງປຸງ
988,ຊີເລັກໄລ່ມາຍອງແນັດ850g,ເຄື່ອງປຸງ
989,ຮອນດອກແດງຂໍ້1kg,ອາຫານແຊ່ແຂງ
990,ສະລ່າຍໂອກາເມະ ແພັກ,ເຂົ້າໜົມ
991,ສະລ່າຍໂອກາເມະ ຊ່ອງ,ເຂົ້າໜົມ
992,ເສັ້ນມັນແກ້ວ200g,ເຄື່ອງແຫ້ງ
993,M foof ແຈ່ວພັນປາ-ຈຸ່ມປາ500g,ນໍ້າແຈ່ວ
994,ຄອນເນ່ລົດສະລ່າຍແພັກໃຫຍ່3ຖົງ,ເຂົ້າໜົມ
995,ຫມຶກຂໍ້1kg,ອາຫານແຊ່ແຂງ
996,ຍາກິນິກຸຊອດ1L,ເຄື່ອງປຸງ
997,ຊອດປຸງລົດງາຂາວ1L,ເຄື່ອງປຸງ
998,ຜັກກວາງຕຸ້ງ,ຜັກ
999,wasabi S&B 43g,ເຄື່ອງປຸງ
1000,ປີກເປັດDuckking1kg,ອາຫານແຊ່ແຂງ
1001,ແຈ່ວລູກຊີ້ນປ້ຽວແຊບ,ນໍ້າແຈ່ວ
1002,ເຊເວັນອັບ1225 ml,ເຄື່ອງດື່ມ
1003,ແປບຊີປ່ອງ320ml,ເຄື່ອງດື່ມ
1004,ຈໍສະລ່າຍ500g,ອາຫານແຊ່ແຂງ
1005,NVສາມຊັ້ນສະໄລ500g,ອາຫານແຊ່ແຂງ
1006,ຄອບລົດຊອກໂກແລດແພັກ3ຖົງ,ເຂົ້າໜົມ
1007,ຄອບສະກາຍລົດນ້ຳເຜີ້ງ70g,ເຂົ້າໜົມ
1008,ໄກ່ຈໍ້ 1000g,ອາຫານແຊ່ແຂງ
1009,ປາເສັ້ນລົດໄກ່ຢ່າງບາບີຄິວ72g,ເຂົ້າໜົມ
1010,ວຸ້ນໝາກຟ້າວ,ເຂົ້າໜົມ
1011,ປີກກາງໄກ່ SunValley 1kg,ອາຫານແຊ່ແຂງ
1012,ປີກເປັດ2kg,ອາຫານແຊ່ແຂງ
1013,ລູກຊີ້ນໄກ່1kg,ອາຫານແຊ່ແຂງ
1014,ຮອນດອກແດງໃຫຍ່1kg,ອາຫານແຊ່ແຂງ
1015,ທ້ອງປາແຊວມ້ອນ 1kg,ອາຫານແຊ່ແຂງ
1016,ປາຕີ້ແພັກໃຫຍ່3ຖົງ,ເຂົ້າໜົມ
1017,ປາຕີ້ຖົງ48g,ເຂົ້າໜົມ
1018,ລູກຊີ້ນງົວໃຫຍ່1kg,ອາຫານແຊ່ແຂງ
1019,pure foods ມາຍອງເນັດ 1000g,ເຄື່ອງປຸງ
1020,NVນົມກອ້ນ1kg,ອາຫານແຊ່ແຂງ
1021,ເທດໂຕ້ລົດບາບີຄີວແພັກ6ຖົງ,ເຂົ້າໜົມ
1022,ຜັກສະລັດປອດສານຜິດ,ຜັກປອດສານພິດ
1023,ບິກແບັກລົດສະລາຍແພັກ3ຖົງ,ເຂົ້າໜົມ
1024,ໂປເຕ້ແພັກ3ຖົງ,ເຂົ້າໜົມ
1025,ຄະນໍຫມູກັບ24ກ້ອນ,ເຄື່ອງປຸງ
1026,ເລ່ລົດດັງເດີມຖົງ48g,ເຂົ້າໜົມ
1027,ເລ່ລົດດັງເດີມແພັກໃຫຍ່06ຖົງ,ເຂົ້າໜົມ
1028,ປາເສັ້ນລົດປາມຶກ72g,ເຂົ້າໜົມ
1029,ມາມ່າເສັ້ນນ້ອຍຕົ້ມຍຳແກັດ,ເຄື່ອງແຫ້ງ
1030,ປີກເຕັມໄກ່ຖົງໃສ2kg,ອາຫານແຊ່ແຂງ
1031,ຫມີ່ເກົາຫລີຂຽວຖົງ,ອາຫານສຳເລັດຮູບ
1032,AROເນື້ອ​ປາ​ແພນ​ກາ​ເຊຍ​ດໍ​ລີ້ຕິດທ້ອງ1kg,ອາຫານແຊ່ແຂງ
1033,ໂຄກບໍມີນ້ຳຕານ1.25L,ເຄື່ອງດື່ມ
1034,ໂຄກກະປອງ ລົດຊາດດັງເດີມ 325ມລ,ເຄື່ອງດື່ມ
1035,ແຈ່ວໄອເຟລຊີຟູດ 250ກຼາມ,ອາຫານສຳເລັດຮູບ
1036,ບິກແບັກລົດສະລາຍຖົງ,ເຂົ້າໜົມ
1037,ໂຈກລົດໝູ,ອາຫານສຳເລັດຮູບ
1038,ມາມ່າOKແດງຊ່ອງ,ເຄື່ອງແຫ້ງ
